/*
 Navicat Premium Data Transfer

 Source Server         : jiushi
 Source Server Type    : MySQL
 Source Server Version : 80027
 Source Host           : 192.168.1.20:3306
 Source Schema         : jiushi_live_user

 Target Server Type    : MySQL
 Target Server Version : 80027
 File Encoding         : 65001

 Date: 07/12/2024 10:14:47
*/

SET NAMES utf8mb4;
SET FOREIGN_KEY_CHECKS = 0;

-- ----------------------------
-- Table structure for t_currency_account
-- ----------------------------
DROP TABLE IF EXISTS `t_currency_account`;
CREATE TABLE `t_currency_account`  (
  `user_id` bigint UNSIGNED NOT NULL COMMENT '用户id',
  `current_balance` int NULL DEFAULT NULL COMMENT '当前余额',
  `total_charged` int NULL DEFAULT NULL COMMENT '累计充值',
  `status` tinyint NULL DEFAULT 1 COMMENT '账户状态(0无效1有效 2冻结）',
  `create_time` datetime NULL DEFAULT CURRENT_TIMESTAMP,
  `update_time` datetime NULL DEFAULT CURRENT_TIMESTAMP ON UPDATE CURRENT_TIMESTAMP,
  PRIMARY KEY (`user_id`) USING BTREE,
  INDEX `userId_index`(`user_id` ASC) USING BTREE
) ENGINE = InnoDB CHARACTER SET = utf8mb4 COLLATE = utf8mb4_0900_ai_ci COMMENT = '账户余额表' ROW_FORMAT = Dynamic;

-- ----------------------------
-- Records of t_currency_account
-- ----------------------------
INSERT INTO `t_currency_account` VALUES (1823353984983810050, 8987688, 5578, 1, '2024-10-16 12:49:25', '2024-12-07 10:07:42');
INSERT INTO `t_currency_account` VALUES (1845364359214202881, 6770, 11100, 1, '2024-10-21 14:07:04', '2024-11-25 22:12:23');

-- ----------------------------
-- Table structure for t_currency_trade
-- ----------------------------
DROP TABLE IF EXISTS `t_currency_trade`;
CREATE TABLE `t_currency_trade`  (
  `id` bigint UNSIGNED NOT NULL AUTO_INCREMENT,
  `user_id` bigint NULL DEFAULT NULL COMMENT '用户id',
  `num` int NULL DEFAULT NULL COMMENT '流水金额（单位：分）',
  `trade_type` varchar(20) CHARACTER SET utf8mb4 COLLATE utf8mb4_0900_ai_ci NULL DEFAULT NULL COMMENT '流水类型',
  `status` tinyint NULL DEFAULT 1 COMMENT '状态0无效1有效',
  `create_time` datetime NULL DEFAULT CURRENT_TIMESTAMP,
  `update_time` datetime NULL DEFAULT CURRENT_TIMESTAMP ON UPDATE CURRENT_TIMESTAMP,
  PRIMARY KEY (`id`) USING BTREE
) ENGINE = InnoDB AUTO_INCREMENT = 1865216579625574402 CHARACTER SET = utf8mb4 COLLATE = utf8mb4_0900_ai_ci COMMENT = '流水记录表' ROW_FORMAT = Dynamic;

-- ----------------------------
-- Records of t_currency_trade
-- ----------------------------
INSERT INTO `t_currency_trade` VALUES (1848251353325940737, 1823353984983810050, -90, '0', 1, '2024-10-21 14:33:56', '2024-10-21 14:33:56');
INSERT INTO `t_currency_trade` VALUES (1848251372401635329, 1823353984983810050, -45, '0', 1, '2024-10-21 14:34:00', '2024-10-21 14:34:00');
INSERT INTO `t_currency_trade` VALUES (1848253922144202754, 1823353984983810050, -45, '0', 1, '2024-10-21 14:44:08', '2024-10-21 14:44:08');
INSERT INTO `t_currency_trade` VALUES (1848254411179077633, 1823353984983810050, -45, '0', 1, '2024-10-21 14:46:05', '2024-10-21 14:46:05');
INSERT INTO `t_currency_trade` VALUES (1848254620961386498, 1823353984983810050, -45, '0', 1, '2024-10-21 14:46:55', '2024-10-21 14:46:55');
INSERT INTO `t_currency_trade` VALUES (1848254830647226369, 1823353984983810050, -45, '0', 1, '2024-10-21 14:47:45', '2024-10-21 14:47:45');
INSERT INTO `t_currency_trade` VALUES (1848255975138570242, 1823353984983810050, -90, '0', 1, '2024-10-21 14:52:18', '2024-10-21 14:52:18');
INSERT INTO `t_currency_trade` VALUES (1848256011746455553, 1823353984983810050, -90, '0', 1, '2024-10-21 14:52:26', '2024-10-21 14:52:26');
INSERT INTO `t_currency_trade` VALUES (1848256079455105025, 1823353984983810050, -45, '0', 1, '2024-10-21 14:52:42', '2024-10-21 14:52:42');
INSERT INTO `t_currency_trade` VALUES (1848256135486812162, 1823353984983810050, -45, '0', 1, '2024-10-21 14:52:56', '2024-10-21 14:52:56');
INSERT INTO `t_currency_trade` VALUES (1848256342354079746, 1823353984983810050, -45, '0', 1, '2024-10-21 14:53:45', '2024-10-21 14:53:45');
INSERT INTO `t_currency_trade` VALUES (1848256723859582977, 1823353984983810050, -45, '0', 1, '2024-10-21 14:55:16', '2024-10-21 14:55:16');
INSERT INTO `t_currency_trade` VALUES (1848258954432393217, 1823353984983810050, -45, '0', 1, '2024-10-21 15:04:08', '2024-10-21 15:04:08');
INSERT INTO `t_currency_trade` VALUES (1848258958777692162, 1823353984983810050, -45, '0', 1, '2024-10-21 15:04:09', '2024-10-21 15:04:09');
INSERT INTO `t_currency_trade` VALUES (1848259039136362497, 1823353984983810050, -45, '0', 1, '2024-10-21 15:04:28', '2024-10-21 15:04:28');
INSERT INTO `t_currency_trade` VALUES (1848259264362098690, 1823353984983810050, -45, '0', 1, '2024-10-21 15:05:22', '2024-10-21 15:05:22');
INSERT INTO `t_currency_trade` VALUES (1848259484533698562, 1823353984983810050, -45, '0', 1, '2024-10-21 15:06:14', '2024-10-21 15:06:14');
INSERT INTO `t_currency_trade` VALUES (1848259843146690562, 1823353984983810050, -45, '0', 1, '2024-10-21 15:07:40', '2024-10-21 15:07:40');
INSERT INTO `t_currency_trade` VALUES (1848259870980091906, 1823353984983810050, -45, '0', 1, '2024-10-21 15:07:46', '2024-10-21 15:07:46');
INSERT INTO `t_currency_trade` VALUES (1848259946796331010, 1823353984983810050, -45, '0', 1, '2024-10-21 15:08:05', '2024-10-21 15:08:05');
INSERT INTO `t_currency_trade` VALUES (1848260027004006401, 1823353984983810050, -45, '0', 1, '2024-10-21 15:08:24', '2024-10-21 15:08:24');
INSERT INTO `t_currency_trade` VALUES (1848260129051422721, 1823353984983810050, -45, '0', 1, '2024-10-21 15:08:48', '2024-10-21 15:08:48');
INSERT INTO `t_currency_trade` VALUES (1848263163970105346, 1823353984983810050, -45, '0', 1, '2024-10-21 15:20:52', '2024-10-21 15:20:52');
INSERT INTO `t_currency_trade` VALUES (1848270516987670529, 1823353984983810050, -45, '0', 1, '2024-10-21 15:50:05', '2024-10-21 15:50:05');
INSERT INTO `t_currency_trade` VALUES (1848270565100531713, 1823353984983810050, -45, '0', 1, '2024-10-21 15:50:16', '2024-10-21 15:50:16');
INSERT INTO `t_currency_trade` VALUES (1848270612420669441, 1823353984983810050, -45, '0', 1, '2024-10-21 15:50:27', '2024-10-21 15:50:27');
INSERT INTO `t_currency_trade` VALUES (1848271055880237058, 1823353984983810050, -45, '0', 1, '2024-10-21 15:52:13', '2024-10-21 15:52:13');
INSERT INTO `t_currency_trade` VALUES (1848271133541969922, 1823353984983810050, -45, '0', 1, '2024-10-21 15:52:32', '2024-10-21 15:52:32');
INSERT INTO `t_currency_trade` VALUES (1848271170506371074, 1823353984983810050, -45, '0', 1, '2024-10-21 15:52:40', '2024-10-21 15:52:40');
INSERT INTO `t_currency_trade` VALUES (1848271205377814529, 1823353984983810050, -45, '0', 1, '2024-10-21 15:52:49', '2024-10-21 15:52:49');
INSERT INTO `t_currency_trade` VALUES (1848271401167925250, 1823353984983810050, -45, '0', 1, '2024-10-21 15:53:35', '2024-10-21 15:53:35');
INSERT INTO `t_currency_trade` VALUES (1848271450572632065, 1823353984983810050, -45, '0', 1, '2024-10-21 15:53:47', '2024-10-21 15:53:47');
INSERT INTO `t_currency_trade` VALUES (1848275402257117185, 1823353984983810050, -90, '0', 1, '2024-10-21 16:09:29', '2024-10-21 16:09:29');
INSERT INTO `t_currency_trade` VALUES (1848275417297891330, 1823353984983810050, -45, '0', 1, '2024-10-21 16:09:33', '2024-10-21 16:09:33');
INSERT INTO `t_currency_trade` VALUES (1848275453431820289, 1823353984983810050, -45, '0', 1, '2024-10-21 16:09:42', '2024-10-21 16:09:42');
INSERT INTO `t_currency_trade` VALUES (1848275942089207809, 1823353984983810050, -45, '0', 1, '2024-10-21 16:11:38', '2024-10-21 16:11:38');
INSERT INTO `t_currency_trade` VALUES (1848276151875710977, 1823353984983810050, -45, '0', 1, '2024-10-21 16:12:28', '2024-10-21 16:12:28');
INSERT INTO `t_currency_trade` VALUES (1848276385456500737, 1823353984983810050, -45, '0', 1, '2024-10-21 16:13:24', '2024-10-21 16:13:24');
INSERT INTO `t_currency_trade` VALUES (1848277708012826626, 1823353984983810050, -45, '0', 1, '2024-10-21 16:18:39', '2024-10-21 16:18:39');
INSERT INTO `t_currency_trade` VALUES (1848278256812339201, 1823353984983810050, -45, '0', 1, '2024-10-21 16:20:50', '2024-10-21 16:20:50');
INSERT INTO `t_currency_trade` VALUES (1848278290907836418, 1823353984983810050, -45, '0', 1, '2024-10-21 16:20:58', '2024-10-21 16:20:58');
INSERT INTO `t_currency_trade` VALUES (1848278295592873985, 1823353984983810050, -45, '0', 1, '2024-10-21 16:20:59', '2024-10-21 16:20:59');
INSERT INTO `t_currency_trade` VALUES (1848278296431734786, 1823353984983810050, -45, '0', 1, '2024-10-21 16:20:59', '2024-10-21 16:20:59');
INSERT INTO `t_currency_trade` VALUES (1848278508160200705, 1823353984983810050, -45, '0', 1, '2024-10-21 16:21:50', '2024-10-21 16:21:50');
INSERT INTO `t_currency_trade` VALUES (1848278525734334465, 1823353984983810050, -45, '0', 1, '2024-10-21 16:21:54', '2024-10-21 16:21:54');
INSERT INTO `t_currency_trade` VALUES (1848278530557784065, 1823353984983810050, -45, '0', 1, '2024-10-21 16:21:55', '2024-10-21 16:21:55');
INSERT INTO `t_currency_trade` VALUES (1848278533502185473, 1823353984983810050, -45, '0', 1, '2024-10-21 16:21:56', '2024-10-21 16:21:56');
INSERT INTO `t_currency_trade` VALUES (1848278535821635586, 1823353984983810050, -45, '0', 1, '2024-10-21 16:21:56', '2024-10-21 16:21:56');
INSERT INTO `t_currency_trade` VALUES (1848280472247906306, 1823353984983810050, -45, '0', 1, '2024-10-21 16:29:38', '2024-10-21 16:29:38');
INSERT INTO `t_currency_trade` VALUES (1848280530456457217, 1823353984983810050, -45, '0', 1, '2024-10-21 16:29:52', '2024-10-21 16:29:52');
INSERT INTO `t_currency_trade` VALUES (1848280883260338177, 1823353984983810050, -45, '0', 1, '2024-10-21 16:31:16', '2024-10-21 16:31:16');
INSERT INTO `t_currency_trade` VALUES (1848281341009899522, 1823353984983810050, -45, '0', 1, '2024-10-21 16:33:05', '2024-10-21 16:33:05');
INSERT INTO `t_currency_trade` VALUES (1848281349029408770, 1823353984983810050, -45, '0', 1, '2024-10-21 16:33:07', '2024-10-21 16:33:07');
INSERT INTO `t_currency_trade` VALUES (1848281351655043074, 1823353984983810050, -45, '0', 1, '2024-10-21 16:33:08', '2024-10-21 16:33:08');
INSERT INTO `t_currency_trade` VALUES (1848281370638462977, 1823353984983810050, -45, '0', 1, '2024-10-21 16:33:12', '2024-10-21 16:33:12');
INSERT INTO `t_currency_trade` VALUES (1848281376158167041, 1823353984983810050, -45, '0', 1, '2024-10-21 16:33:14', '2024-10-21 16:33:14');
INSERT INTO `t_currency_trade` VALUES (1848281381141000193, 1823353984983810050, -45, '0', 1, '2024-10-21 16:33:15', '2024-10-21 16:33:15');
INSERT INTO `t_currency_trade` VALUES (1848281528705003521, 1823353984983810050, -45, '0', 1, '2024-10-21 16:33:50', '2024-10-21 16:33:50');
INSERT INTO `t_currency_trade` VALUES (1848281542764310529, 1823353984983810050, -45, '0', 1, '2024-10-21 16:33:53', '2024-10-21 16:33:53');
INSERT INTO `t_currency_trade` VALUES (1848281576184524802, 1823353984983810050, -45, '0', 1, '2024-10-21 16:34:01', '2024-10-21 16:34:01');
INSERT INTO `t_currency_trade` VALUES (1848281614512074754, 1823353984983810050, -45, '0', 1, '2024-10-21 16:34:11', '2024-10-21 16:34:11');
INSERT INTO `t_currency_trade` VALUES (1848281640554508289, 1823353984983810050, -45, '0', 1, '2024-10-21 16:34:17', '2024-10-21 16:34:17');
INSERT INTO `t_currency_trade` VALUES (1848281658506129410, 1823353984983810050, -45, '0', 1, '2024-10-21 16:34:21', '2024-10-21 16:34:21');
INSERT INTO `t_currency_trade` VALUES (1848281669608452097, 1823353984983810050, -45, '0', 1, '2024-10-21 16:34:24', '2024-10-21 16:34:24');
INSERT INTO `t_currency_trade` VALUES (1848281699098603522, 1823353984983810050, -45, '0', 1, '2024-10-21 16:34:31', '2024-10-21 16:34:31');
INSERT INTO `t_currency_trade` VALUES (1848281708871331841, 1823353984983810050, -45, '0', 1, '2024-10-21 16:34:33', '2024-10-21 16:34:33');
INSERT INTO `t_currency_trade` VALUES (1848281773753020417, 1823353984983810050, -45, '0', 1, '2024-10-21 16:34:48', '2024-10-21 16:34:48');
INSERT INTO `t_currency_trade` VALUES (1848281806187573249, 1823353984983810050, -45, '0', 1, '2024-10-21 16:34:56', '2024-10-21 16:34:56');
INSERT INTO `t_currency_trade` VALUES (1848281843097448449, 1823353984983810050, -45, '0', 1, '2024-10-21 16:35:05', '2024-10-21 16:35:05');
INSERT INTO `t_currency_trade` VALUES (1848282157942878210, 1823353984983810050, -45, '0', 1, '2024-10-21 16:36:20', '2024-10-21 16:36:20');
INSERT INTO `t_currency_trade` VALUES (1848282173042372610, 1823353984983810050, -45, '0', 1, '2024-10-21 16:36:24', '2024-10-21 16:36:24');
INSERT INTO `t_currency_trade` VALUES (1848282184996139009, 1823353984983810050, -45, '0', 1, '2024-10-21 16:36:27', '2024-10-21 16:36:27');
INSERT INTO `t_currency_trade` VALUES (1848282190301933570, 1823353984983810050, -45, '0', 1, '2024-10-21 16:36:28', '2024-10-21 16:36:28');
INSERT INTO `t_currency_trade` VALUES (1848282193267306497, 1823353984983810050, -45, '0', 1, '2024-10-21 16:36:28', '2024-10-21 16:36:28');
INSERT INTO `t_currency_trade` VALUES (1848282233171914753, 1823353984983810050, -45, '0', 1, '2024-10-21 16:36:38', '2024-10-21 16:36:38');
INSERT INTO `t_currency_trade` VALUES (1848282304651243521, 1823353984983810050, -45, '0', 1, '2024-10-21 16:36:55', '2024-10-21 16:36:55');
INSERT INTO `t_currency_trade` VALUES (1848291279933321218, 1823353984983810050, -45, '0', 1, '2024-10-21 17:12:35', '2024-10-21 17:12:35');
INSERT INTO `t_currency_trade` VALUES (1848291285859872770, 1823353984983810050, -45, '0', 1, '2024-10-21 17:12:36', '2024-10-21 17:12:36');
INSERT INTO `t_currency_trade` VALUES (1848291287780864001, 1823353984983810050, -45, '0', 1, '2024-10-21 17:12:37', '2024-10-21 17:12:37');
INSERT INTO `t_currency_trade` VALUES (1848291358480052225, 1823353984983810050, -45, '0', 1, '2024-10-21 17:12:54', '2024-10-21 17:12:54');
INSERT INTO `t_currency_trade` VALUES (1848541839626383361, 1823353984983810050, -45, '0', 1, '2024-10-22 09:48:13', '2024-10-22 09:48:13');
INSERT INTO `t_currency_trade` VALUES (1848541852255432706, 1823353984983810050, -45, '0', 1, '2024-10-22 09:48:16', '2024-10-22 09:48:16');
INSERT INTO `t_currency_trade` VALUES (1848541878801182722, 1823353984983810050, -45, '0', 1, '2024-10-22 09:48:22', '2024-10-22 09:48:22');
INSERT INTO `t_currency_trade` VALUES (1848542178077356033, 1823353984983810050, -45, '0', 1, '2024-10-22 09:49:34', '2024-10-22 09:49:34');
INSERT INTO `t_currency_trade` VALUES (1848542207471038465, 1823353984983810050, -45, '0', 1, '2024-10-22 09:49:41', '2024-10-22 09:49:41');
INSERT INTO `t_currency_trade` VALUES (1848542348382875650, 1823353984983810050, -45, '0', 1, '2024-10-22 09:50:14', '2024-10-22 09:50:14');
INSERT INTO `t_currency_trade` VALUES (1848542598946402306, 1823353984983810050, -45, '0', 1, '2024-10-22 09:51:14', '2024-10-22 09:51:14');
INSERT INTO `t_currency_trade` VALUES (1848542783172816897, 1823353984983810050, -45, '0', 1, '2024-10-22 09:51:58', '2024-10-22 09:51:58');
INSERT INTO `t_currency_trade` VALUES (1848542862742958082, 1823353984983810050, -45, '0', 1, '2024-10-22 09:52:17', '2024-10-22 09:52:17');
INSERT INTO `t_currency_trade` VALUES (1848543037939036161, 1823353984983810050, -45, '0', 1, '2024-10-22 09:52:59', '2024-10-22 09:52:59');
INSERT INTO `t_currency_trade` VALUES (1848543824689803265, 1823353984983810050, -45, '0', 1, '2024-10-22 09:56:06', '2024-10-22 09:56:06');
INSERT INTO `t_currency_trade` VALUES (1848543874966925314, 1823353984983810050, -45, '0', 1, '2024-10-22 09:56:18', '2024-10-22 09:56:18');
INSERT INTO `t_currency_trade` VALUES (1848543914405965826, 1823353984983810050, -45, '0', 1, '2024-10-22 09:56:28', '2024-10-22 09:56:28');
INSERT INTO `t_currency_trade` VALUES (1848544020593160193, 1823353984983810050, -45, '0', 1, '2024-10-22 09:56:53', '2024-10-22 09:56:53');
INSERT INTO `t_currency_trade` VALUES (1848545815738494977, 1823353984983810050, -90, '0', 1, '2024-10-22 10:04:01', '2024-10-22 10:04:01');
INSERT INTO `t_currency_trade` VALUES (1848545877063413761, 1823353984983810050, -90, '0', 1, '2024-10-22 10:04:16', '2024-10-22 10:04:16');
INSERT INTO `t_currency_trade` VALUES (1848545895052783617, 1823353984983810050, -20, '0', 1, '2024-10-22 10:04:20', '2024-10-22 10:04:20');
INSERT INTO `t_currency_trade` VALUES (1848545912111017986, 1823353984983810050, -10, '0', 1, '2024-10-22 10:04:24', '2024-10-22 10:04:24');
INSERT INTO `t_currency_trade` VALUES (1848546008512901121, 1823353984983810050, -90, '0', 1, '2024-10-22 10:04:47', '2024-10-22 10:04:47');
INSERT INTO `t_currency_trade` VALUES (1848546036610543617, 1823353984983810050, -10, '0', 1, '2024-10-22 10:04:54', '2024-10-22 10:04:54');
INSERT INTO `t_currency_trade` VALUES (1848546050531438593, 1823353984983810050, -90, '0', 1, '2024-10-22 10:04:57', '2024-10-22 10:04:57');
INSERT INTO `t_currency_trade` VALUES (1848546456858832897, 1823353984983810050, -10, '0', 1, '2024-10-22 10:06:34', '2024-10-22 10:06:34');
INSERT INTO `t_currency_trade` VALUES (1848546534134689794, 1823353984983810050, -90, '0', 1, '2024-10-22 10:06:52', '2024-10-22 10:06:52');
INSERT INTO `t_currency_trade` VALUES (1848546574727163906, 1823353984983810050, -90, '0', 1, '2024-10-22 10:07:02', '2024-10-22 10:07:02');
INSERT INTO `t_currency_trade` VALUES (1848546580997648386, 1823353984983810050, -90, '0', 1, '2024-10-22 10:07:04', '2024-10-22 10:07:04');
INSERT INTO `t_currency_trade` VALUES (1848546590980091906, 1823353984983810050, -90, '0', 1, '2024-10-22 10:07:06', '2024-10-22 10:07:06');
INSERT INTO `t_currency_trade` VALUES (1848546609187565570, 1823353984983810050, -90, '0', 1, '2024-10-22 10:07:10', '2024-10-22 10:07:10');
INSERT INTO `t_currency_trade` VALUES (1848546640846172162, 1823353984983810050, -90, '0', 1, '2024-10-22 10:07:18', '2024-10-22 10:07:18');
INSERT INTO `t_currency_trade` VALUES (1848546655152943106, 1823353984983810050, -90, '0', 1, '2024-10-22 10:07:21', '2024-10-22 10:07:21');
INSERT INTO `t_currency_trade` VALUES (1848547213330919425, 1823353984983810050, -20, '0', 1, '2024-10-22 10:09:34', '2024-10-22 10:09:34');
INSERT INTO `t_currency_trade` VALUES (1848548580967624706, 1823353984983810050, -90, '0', 1, '2024-10-22 10:15:00', '2024-10-22 10:15:00');
INSERT INTO `t_currency_trade` VALUES (1848548777181360129, 1823353984983810050, -10, '0', 1, '2024-10-22 10:15:47', '2024-10-22 10:15:47');
INSERT INTO `t_currency_trade` VALUES (1848548950909431810, 1823353984983810050, -10, '0', 1, '2024-10-22 10:16:29', '2024-10-22 10:16:29');
INSERT INTO `t_currency_trade` VALUES (1848549056710750209, 1823353984983810050, -20, '0', 1, '2024-10-22 10:16:54', '2024-10-22 10:16:54');
INSERT INTO `t_currency_trade` VALUES (1848549251179655170, 1823353984983810050, -10, '0', 1, '2024-10-22 10:17:40', '2024-10-22 10:17:40');
INSERT INTO `t_currency_trade` VALUES (1848551509275488258, 1823353984983810050, -10, '0', 1, '2024-10-22 10:26:39', '2024-10-22 10:26:39');
INSERT INTO `t_currency_trade` VALUES (1848551623960342529, 1823353984983810050, -10, '0', 1, '2024-10-22 10:27:06', '2024-10-22 10:27:06');
INSERT INTO `t_currency_trade` VALUES (1848551636572614657, 1823353984983810050, -10, '0', 1, '2024-10-22 10:27:09', '2024-10-22 10:27:09');
INSERT INTO `t_currency_trade` VALUES (1848551868756701186, 1823353984983810050, -90, '0', 1, '2024-10-22 10:28:04', '2024-10-22 10:28:04');
INSERT INTO `t_currency_trade` VALUES (1848551918807330817, 1823353984983810050, -10, '0', 1, '2024-10-22 10:28:16', '2024-10-22 10:28:16');
INSERT INTO `t_currency_trade` VALUES (1848552018782760961, 1823353984983810050, -20, '0', 1, '2024-10-22 10:28:40', '2024-10-22 10:28:40');
INSERT INTO `t_currency_trade` VALUES (1848553195918372866, 1823353984983810050, -90, '0', 1, '2024-10-22 10:33:21', '2024-10-22 10:33:21');
INSERT INTO `t_currency_trade` VALUES (1848553201580683266, 1823353984983810050, -10, '0', 1, '2024-10-22 10:33:22', '2024-10-22 10:33:22');
INSERT INTO `t_currency_trade` VALUES (1848553218093658113, 1823353984983810050, -20, '0', 1, '2024-10-22 10:33:26', '2024-10-22 10:33:26');
INSERT INTO `t_currency_trade` VALUES (1848553222623506433, 1823353984983810050, -20, '0', 1, '2024-10-22 10:33:27', '2024-10-22 10:33:27');
INSERT INTO `t_currency_trade` VALUES (1848553223470755841, 1823353984983810050, -20, '0', 1, '2024-10-22 10:33:27', '2024-10-22 10:33:27');
INSERT INTO `t_currency_trade` VALUES (1848553323311968257, 1823353984983810050, -10, '0', 1, '2024-10-22 10:33:51', '2024-10-22 10:33:51');
INSERT INTO `t_currency_trade` VALUES (1848603559954817026, 1823353984983810050, -90, '0', 1, '2024-10-22 13:53:28', '2024-10-22 13:53:28');
INSERT INTO `t_currency_trade` VALUES (1848603693870555137, 1823353984983810050, -90, '0', 1, '2024-10-22 13:54:00', '2024-10-22 13:54:00');
INSERT INTO `t_currency_trade` VALUES (1848992989764947970, 1823353984983810050, -90, '0', 1, '2024-10-23 15:40:56', '2024-10-23 15:40:56');
INSERT INTO `t_currency_trade` VALUES (1848993277309652994, 1823353984983810050, -10, '0', 1, '2024-10-23 15:42:04', '2024-10-23 15:42:04');
INSERT INTO `t_currency_trade` VALUES (1848993429952958465, 1823353984983810050, -10, '0', 1, '2024-10-23 15:42:41', '2024-10-23 15:42:41');
INSERT INTO `t_currency_trade` VALUES (1848995556171464706, 1823353984983810050, -10, '0', 1, '2024-10-23 15:51:08', '2024-10-23 15:51:08');
INSERT INTO `t_currency_trade` VALUES (1848995692935135233, 1823353984983810050, -90, '0', 1, '2024-10-23 15:51:40', '2024-10-23 15:51:40');
INSERT INTO `t_currency_trade` VALUES (1848999159904878593, 1823353984983810050, -20, '0', 1, '2024-10-23 16:05:27', '2024-10-23 16:05:27');
INSERT INTO `t_currency_trade` VALUES (1848999251231653889, 1823353984983810050, -90, '0', 1, '2024-10-23 16:05:49', '2024-10-23 16:05:49');
INSERT INTO `t_currency_trade` VALUES (1848999960761090049, 1823353984983810050, -10, '0', 1, '2024-10-23 16:08:38', '2024-10-23 16:08:38');
INSERT INTO `t_currency_trade` VALUES (1849002419592118274, 1823353984983810050, -10, '0', 1, '2024-10-23 16:18:24', '2024-10-23 16:18:24');
INSERT INTO `t_currency_trade` VALUES (1849002440605581313, 1823353984983810050, -10, '0', 1, '2024-10-23 16:18:29', '2024-10-23 16:18:29');
INSERT INTO `t_currency_trade` VALUES (1849002456892063745, 1823353984983810050, -20, '0', 1, '2024-10-23 16:18:33', '2024-10-23 16:18:33');
INSERT INTO `t_currency_trade` VALUES (1849002459609972737, 1823353984983810050, -90, '0', 1, '2024-10-23 16:18:34', '2024-10-23 16:18:34');
INSERT INTO `t_currency_trade` VALUES (1849002526764974081, 1823353984983810050, -20, '0', 1, '2024-10-23 16:18:50', '2024-10-23 16:18:50');
INSERT INTO `t_currency_trade` VALUES (1849002574072528897, 1823353984983810050, -10, '0', 1, '2024-10-23 16:19:01', '2024-10-23 16:19:01');
INSERT INTO `t_currency_trade` VALUES (1849007580301496322, 1823353984983810050, -90, '0', 1, '2024-10-23 16:38:55', '2024-10-23 16:38:55');
INSERT INTO `t_currency_trade` VALUES (1849010674196336641, 1823353984983810050, -10, '0', 1, '2024-10-23 16:51:12', '2024-10-23 16:51:12');
INSERT INTO `t_currency_trade` VALUES (1849118389711196161, 1823353984983810050, -10, '0', 1, '2024-10-23 23:59:14', '2024-10-23 23:59:14');
INSERT INTO `t_currency_trade` VALUES (1849118421671792641, 1823353984983810050, -10, '0', 1, '2024-10-23 23:59:21', '2024-10-23 23:59:21');
INSERT INTO `t_currency_trade` VALUES (1849118467897217026, 1823353984983810050, -10, '0', 1, '2024-10-23 23:59:32', '2024-10-23 23:59:32');
INSERT INTO `t_currency_trade` VALUES (1849118810919981058, 1823353984983810050, -10, '0', 1, '2024-10-24 00:00:54', '2024-10-24 00:00:54');
INSERT INTO `t_currency_trade` VALUES (1849118934995881985, 1823353984983810050, -20, '0', 1, '2024-10-24 00:01:24', '2024-10-24 00:01:24');
INSERT INTO `t_currency_trade` VALUES (1849118941006319618, 1823353984983810050, -90, '0', 1, '2024-10-24 00:01:25', '2024-10-24 00:01:25');
INSERT INTO `t_currency_trade` VALUES (1849118951433359361, 1823353984983810050, -90, '0', 1, '2024-10-24 00:01:28', '2024-10-24 00:01:28');
INSERT INTO `t_currency_trade` VALUES (1849441874341842945, 1823353984983810050, -90, '0', 1, '2024-10-24 21:24:39', '2024-10-24 21:24:39');
INSERT INTO `t_currency_trade` VALUES (1849860889421860865, 1823353984983810050, -90, '0', 1, '2024-10-26 01:09:40', '2024-10-26 01:09:40');
INSERT INTO `t_currency_trade` VALUES (1853053701518786562, 1823353984983810050, 300, '0', 1, '2024-11-03 20:36:44', '2024-11-03 20:36:44');
INSERT INTO `t_currency_trade` VALUES (1853053746288787458, 1823353984983810050, 300, '0', 1, '2024-11-03 20:36:55', '2024-11-03 20:36:55');
INSERT INTO `t_currency_trade` VALUES (1853053749518401538, 1823353984983810050, 300, '0', 1, '2024-11-03 20:36:55', '2024-11-03 20:36:55');
INSERT INTO `t_currency_trade` VALUES (1853053751883988994, 1823353984983810050, 300, '0', 1, '2024-11-03 20:36:56', '2024-11-03 20:36:56');
INSERT INTO `t_currency_trade` VALUES (1853053754681589761, 1823353984983810050, 300, '0', 1, '2024-11-03 20:36:57', '2024-11-03 20:36:57');
INSERT INTO `t_currency_trade` VALUES (1853053762277474305, 1823353984983810050, 300, '0', 1, '2024-11-03 20:36:58', '2024-11-03 20:36:58');
INSERT INTO `t_currency_trade` VALUES (1853053765746163714, 1823353984983810050, 300, '0', 1, '2024-11-03 20:36:59', '2024-11-03 20:36:59');
INSERT INTO `t_currency_trade` VALUES (1853053768959000577, 1823353984983810050, 300, '0', 1, '2024-11-03 20:37:00', '2024-11-03 20:37:00');
INSERT INTO `t_currency_trade` VALUES (1853053795131457537, 1823353984983810050, -10, '0', 1, '2024-11-03 20:37:06', '2024-11-03 20:37:06');
INSERT INTO `t_currency_trade` VALUES (1853061770541809665, 1823353984983810050, 300, '0', 1, '2024-11-03 21:08:48', '2024-11-03 21:08:48');
INSERT INTO `t_currency_trade` VALUES (1853061777751818242, 1823353984983810050, 300, '0', 1, '2024-11-03 21:08:49', '2024-11-03 21:08:49');
INSERT INTO `t_currency_trade` VALUES (1853061780469727233, 1823353984983810050, 300, '0', 1, '2024-11-03 21:08:50', '2024-11-03 21:08:50');
INSERT INTO `t_currency_trade` VALUES (1853061781342142465, 1823353984983810050, 300, '0', 1, '2024-11-03 21:08:50', '2024-11-03 21:08:50');
INSERT INTO `t_currency_trade` VALUES (1853061786253672450, 1823353984983810050, 300, '0', 1, '2024-11-03 21:08:52', '2024-11-03 21:08:52');
INSERT INTO `t_currency_trade` VALUES (1853061787100921858, 1823353984983810050, 300, '0', 1, '2024-11-03 21:08:52', '2024-11-03 21:08:52');
INSERT INTO `t_currency_trade` VALUES (1853641547191439362, 1845364359214202881, 300, '0', 1, '2024-11-05 11:32:38', '2024-11-05 11:32:38');
INSERT INTO `t_currency_trade` VALUES (1853641550156812290, 1845364359214202881, 300, '0', 1, '2024-11-05 11:32:39', '2024-11-05 11:32:39');
INSERT INTO `t_currency_trade` VALUES (1853641550790152193, 1845364359214202881, 300, '0', 1, '2024-11-05 11:32:39', '2024-11-05 11:32:39');
INSERT INTO `t_currency_trade` VALUES (1853641551457046530, 1845364359214202881, 300, '0', 1, '2024-11-05 11:32:39', '2024-11-05 11:32:39');
INSERT INTO `t_currency_trade` VALUES (1853641553059270657, 1845364359214202881, 300, '0', 1, '2024-11-05 11:32:39', '2024-11-05 11:32:39');
INSERT INTO `t_currency_trade` VALUES (1853641553705193474, 1845364359214202881, 300, '0', 1, '2024-11-05 11:32:39', '2024-11-05 11:32:39');
INSERT INTO `t_currency_trade` VALUES (1853641554455973890, 1845364359214202881, 300, '0', 1, '2024-11-05 11:32:40', '2024-11-05 11:32:40');
INSERT INTO `t_currency_trade` VALUES (1853641555248697345, 1845364359214202881, 300, '0', 1, '2024-11-05 11:32:40', '2024-11-05 11:32:40');
INSERT INTO `t_currency_trade` VALUES (1853641558125989890, 1845364359214202881, 300, '0', 1, '2024-11-05 11:32:40', '2024-11-05 11:32:40');
INSERT INTO `t_currency_trade` VALUES (1853641559296200705, 1845364359214202881, 300, '0', 1, '2024-11-05 11:32:41', '2024-11-05 11:32:41');
INSERT INTO `t_currency_trade` VALUES (1853641572357263361, 1845364359214202881, -90, '0', 1, '2024-11-05 11:32:44', '2024-11-05 11:32:44');
INSERT INTO `t_currency_trade` VALUES (1853641579152035842, 1845364359214202881, -90, '0', 1, '2024-11-05 11:32:45', '2024-11-05 11:32:45');
INSERT INTO `t_currency_trade` VALUES (1853641592347316225, 1845364359214202881, -90, '0', 1, '2024-11-05 11:32:49', '2024-11-05 11:32:49');
INSERT INTO `t_currency_trade` VALUES (1853641687729983490, 1845364359214202881, -90, '0', 1, '2024-11-05 11:33:11', '2024-11-05 11:33:11');
INSERT INTO `t_currency_trade` VALUES (1853641860153626625, 1845364359214202881, -90, '0', 1, '2024-11-05 11:33:52', '2024-11-05 11:33:52');
INSERT INTO `t_currency_trade` VALUES (1853642051933982722, 1845364359214202881, -10, '0', 1, '2024-11-05 11:34:38', '2024-11-05 11:34:38');
INSERT INTO `t_currency_trade` VALUES (1853642169659707393, 1845364359214202881, -10, '0', 1, '2024-11-05 11:35:06', '2024-11-05 11:35:06');
INSERT INTO `t_currency_trade` VALUES (1853642205470674945, 1845364359214202881, -20, '0', 1, '2024-11-05 11:35:15', '2024-11-05 11:35:15');
INSERT INTO `t_currency_trade` VALUES (1853642302732390401, 1845364359214202881, -20, '0', 1, '2024-11-05 11:35:38', '2024-11-05 11:35:38');
INSERT INTO `t_currency_trade` VALUES (1853642469091069954, 1845364359214202881, -10, '0', 1, '2024-11-05 11:36:18', '2024-11-05 11:36:18');
INSERT INTO `t_currency_trade` VALUES (1853642550657699841, 1845364359214202881, -20, '0', 1, '2024-11-05 11:36:37', '2024-11-05 11:36:37');
INSERT INTO `t_currency_trade` VALUES (1853642581179650049, 1845364359214202881, -90, '0', 1, '2024-11-05 11:36:44', '2024-11-05 11:36:44');
INSERT INTO `t_currency_trade` VALUES (1853642604080549889, 1845364359214202881, -20, '0', 1, '2024-11-05 11:36:50', '2024-11-05 11:36:50');
INSERT INTO `t_currency_trade` VALUES (1853642638826164226, 1845364359214202881, -20, '0', 1, '2024-11-05 11:36:58', '2024-11-05 11:36:58');
INSERT INTO `t_currency_trade` VALUES (1853642653179072513, 1845364359214202881, -20, '0', 1, '2024-11-05 11:37:02', '2024-11-05 11:37:02');
INSERT INTO `t_currency_trade` VALUES (1853642659223064577, 1845364359214202881, -10, '0', 1, '2024-11-05 11:37:03', '2024-11-05 11:37:03');
INSERT INTO `t_currency_trade` VALUES (1853642693301784577, 1845364359214202881, -90, '0', 1, '2024-11-05 11:37:11', '2024-11-05 11:37:11');
INSERT INTO `t_currency_trade` VALUES (1853642993572007938, 1845364359214202881, -90, '0', 1, '2024-11-05 11:38:23', '2024-11-05 11:38:23');
INSERT INTO `t_currency_trade` VALUES (1853643058311090178, 1845364359214202881, -20, '0', 1, '2024-11-05 11:38:38', '2024-11-05 11:38:38');
INSERT INTO `t_currency_trade` VALUES (1853646139476201473, 1845364359214202881, -10, '0', 1, '2024-11-05 11:50:53', '2024-11-05 11:50:53');
INSERT INTO `t_currency_trade` VALUES (1853646742902329345, 1845364359214202881, -10, '0', 1, '2024-11-05 11:53:17', '2024-11-05 11:53:17');
INSERT INTO `t_currency_trade` VALUES (1853646890684436482, 1845364359214202881, -10, '0', 1, '2024-11-05 11:53:52', '2024-11-05 11:53:52');
INSERT INTO `t_currency_trade` VALUES (1853648543730946050, 1845364359214202881, -90, '0', 1, '2024-11-05 12:00:26', '2024-11-05 12:00:26');
INSERT INTO `t_currency_trade` VALUES (1853648627067572226, 1845364359214202881, -10, '0', 1, '2024-11-05 12:00:46', '2024-11-05 12:00:46');
INSERT INTO `t_currency_trade` VALUES (1853648666443698178, 1845364359214202881, -20, '0', 1, '2024-11-05 12:00:55', '2024-11-05 12:00:55');
INSERT INTO `t_currency_trade` VALUES (1853763499306569730, 1823353984983810050, -10, '0', 1, '2024-11-05 19:37:14', '2024-11-05 19:37:14');
INSERT INTO `t_currency_trade` VALUES (1853763562367930370, 1845364359214202881, -10, '0', 1, '2024-11-05 19:37:29', '2024-11-05 19:37:29');
INSERT INTO `t_currency_trade` VALUES (1853763623810289665, 1845364359214202881, -10, '0', 1, '2024-11-05 19:37:43', '2024-11-05 19:37:43');
INSERT INTO `t_currency_trade` VALUES (1853763755347857409, 1845364359214202881, -90, '0', 1, '2024-11-05 19:38:15', '2024-11-05 19:38:15');
INSERT INTO `t_currency_trade` VALUES (1853763813506076673, 1823353984983810050, -10, '0', 1, '2024-11-05 19:38:29', '2024-11-05 19:38:29');
INSERT INTO `t_currency_trade` VALUES (1853764061305556993, 1845364359214202881, -90, '0', 1, '2024-11-05 19:39:28', '2024-11-05 19:39:28');
INSERT INTO `t_currency_trade` VALUES (1853764751339868162, 1845364359214202881, -90, '0', 1, '2024-11-05 19:42:12', '2024-11-05 19:42:12');
INSERT INTO `t_currency_trade` VALUES (1853764923394412546, 1845364359214202881, -90, '0', 1, '2024-11-05 19:42:53', '2024-11-05 19:42:53');
INSERT INTO `t_currency_trade` VALUES (1853765143276605441, 1845364359214202881, -90, '0', 1, '2024-11-05 19:43:46', '2024-11-05 19:43:46');
INSERT INTO `t_currency_trade` VALUES (1853765189887905794, 1845364359214202881, -20, '0', 1, '2024-11-05 19:43:57', '2024-11-05 19:43:57');
INSERT INTO `t_currency_trade` VALUES (1853765265502818305, 1845364359214202881, -90, '0', 1, '2024-11-05 19:44:15', '2024-11-05 19:44:15');
INSERT INTO `t_currency_trade` VALUES (1853775735475421186, 1845364359214202881, -10, '0', 1, '2024-11-05 20:25:51', '2024-11-05 20:25:51');
INSERT INTO `t_currency_trade` VALUES (1853775829247475714, 1845364359214202881, -10, '0', 1, '2024-11-05 20:26:13', '2024-11-05 20:26:13');
INSERT INTO `t_currency_trade` VALUES (1853776055328849922, 1845364359214202881, -10, '0', 1, '2024-11-05 20:27:07', '2024-11-05 20:27:07');
INSERT INTO `t_currency_trade` VALUES (1853776066594750465, 1845364359214202881, -10, '0', 1, '2024-11-05 20:27:10', '2024-11-05 20:27:10');
INSERT INTO `t_currency_trade` VALUES (1853776132273356802, 1845364359214202881, -10, '0', 1, '2024-11-05 20:27:26', '2024-11-05 20:27:26');
INSERT INTO `t_currency_trade` VALUES (1853776321289666561, 1845364359214202881, -10, '0', 1, '2024-11-05 20:28:11', '2024-11-05 20:28:11');
INSERT INTO `t_currency_trade` VALUES (1853776352549814273, 1845364359214202881, -10, '0', 1, '2024-11-05 20:28:18', '2024-11-05 20:28:18');
INSERT INTO `t_currency_trade` VALUES (1853776540827926529, 1845364359214202881, -10, '0', 1, '2024-11-05 20:29:03', '2024-11-05 20:29:03');
INSERT INTO `t_currency_trade` VALUES (1853776562759942145, 1845364359214202881, -20, '0', 1, '2024-11-05 20:29:08', '2024-11-05 20:29:08');
INSERT INTO `t_currency_trade` VALUES (1853776580082417665, 1845364359214202881, -90, '0', 1, '2024-11-05 20:29:12', '2024-11-05 20:29:12');
INSERT INTO `t_currency_trade` VALUES (1853776601976684545, 1845364359214202881, -10, '0', 1, '2024-11-05 20:29:18', '2024-11-05 20:29:18');
INSERT INTO `t_currency_trade` VALUES (1853776608121339905, 1845364359214202881, -20, '0', 1, '2024-11-05 20:29:19', '2024-11-05 20:29:19');
INSERT INTO `t_currency_trade` VALUES (1853776623401189377, 1845364359214202881, -90, '0', 1, '2024-11-05 20:29:23', '2024-11-05 20:29:23');
INSERT INTO `t_currency_trade` VALUES (1853776646700548097, 1845364359214202881, -20, '0', 1, '2024-11-05 20:29:28', '2024-11-05 20:29:28');
INSERT INTO `t_currency_trade` VALUES (1853776658205523970, 1845364359214202881, -10, '0', 1, '2024-11-05 20:29:31', '2024-11-05 20:29:31');
INSERT INTO `t_currency_trade` VALUES (1853776666724155393, 1845364359214202881, -10, '0', 1, '2024-11-05 20:29:33', '2024-11-05 20:29:33');
INSERT INTO `t_currency_trade` VALUES (1853776670624858113, 1845364359214202881, -10, '0', 1, '2024-11-05 20:29:34', '2024-11-05 20:29:34');
INSERT INTO `t_currency_trade` VALUES (1853776674814967809, 1845364359214202881, -10, '0', 1, '2024-11-05 20:29:35', '2024-11-05 20:29:35');
INSERT INTO `t_currency_trade` VALUES (1853776679235764226, 1845364359214202881, -10, '0', 1, '2024-11-05 20:29:36', '2024-11-05 20:29:36');
INSERT INTO `t_currency_trade` VALUES (1853776760143888386, 1845364359214202881, -10, '0', 1, '2024-11-05 20:29:55', '2024-11-05 20:29:55');
INSERT INTO `t_currency_trade` VALUES (1853777010938101762, 1845364359214202881, -90, '0', 1, '2024-11-05 20:30:55', '2024-11-05 20:30:55');
INSERT INTO `t_currency_trade` VALUES (1853777446457851906, 1823353984983810050, -10, '0', 1, '2024-11-05 20:32:39', '2024-11-05 20:32:39');
INSERT INTO `t_currency_trade` VALUES (1853777454867431426, 1823353984983810050, -10, '0', 1, '2024-11-05 20:32:41', '2024-11-05 20:32:41');
INSERT INTO `t_currency_trade` VALUES (1853777458919129089, 1823353984983810050, -10, '0', 1, '2024-11-05 20:32:42', '2024-11-05 20:32:42');
INSERT INTO `t_currency_trade` VALUES (1853777489495605250, 1823353984983810050, -20, '0', 1, '2024-11-05 20:32:49', '2024-11-05 20:32:49');
INSERT INTO `t_currency_trade` VALUES (1853777489545936897, 1823353984983810050, -20, '0', 1, '2024-11-05 20:32:49', '2024-11-05 20:32:49');
INSERT INTO `t_currency_trade` VALUES (1853777499197030401, 1823353984983810050, -90, '0', 1, '2024-11-05 20:32:51', '2024-11-05 20:32:51');
INSERT INTO `t_currency_trade` VALUES (1853778104955191298, 1845364359214202881, -90, '0', 1, '2024-11-05 20:35:16', '2024-11-05 20:35:16');
INSERT INTO `t_currency_trade` VALUES (1853778120423784450, 1845364359214202881, -20, '0', 1, '2024-11-05 20:35:20', '2024-11-05 20:35:20');
INSERT INTO `t_currency_trade` VALUES (1853778680250122242, 1823353984983810050, -20, '0', 1, '2024-11-05 20:37:33', '2024-11-05 20:37:33');
INSERT INTO `t_currency_trade` VALUES (1853778774433218561, 1823353984983810050, -10, '0', 1, '2024-11-05 20:37:55', '2024-11-05 20:37:55');
INSERT INTO `t_currency_trade` VALUES (1853778805139718145, 1823353984983810050, -90, '0', 1, '2024-11-05 20:38:03', '2024-11-05 20:38:03');
INSERT INTO `t_currency_trade` VALUES (1853778842494189570, 1823353984983810050, -90, '0', 1, '2024-11-05 20:38:12', '2024-11-05 20:38:12');
INSERT INTO `t_currency_trade` VALUES (1853779931608137730, 1823353984983810050, -90, '0', 1, '2024-11-05 20:42:31', '2024-11-05 20:42:31');
INSERT INTO `t_currency_trade` VALUES (1853781385475538945, 1823353984983810050, -20, '0', 1, '2024-11-05 20:48:18', '2024-11-05 20:48:18');
INSERT INTO `t_currency_trade` VALUES (1853782247480508418, 1845364359214202881, -90, '0', 1, '2024-11-05 20:51:44', '2024-11-05 20:51:44');
INSERT INTO `t_currency_trade` VALUES (1853782257060298754, 1845364359214202881, -10, '0', 1, '2024-11-05 20:51:46', '2024-11-05 20:51:46');
INSERT INTO `t_currency_trade` VALUES (1853782271086051329, 1823353984983810050, -90, '0', 1, '2024-11-05 20:51:49', '2024-11-05 20:51:49');
INSERT INTO `t_currency_trade` VALUES (1853989559017271297, 1823353984983810050, -10, '0', 1, '2024-11-06 10:35:31', '2024-11-06 10:35:31');
INSERT INTO `t_currency_trade` VALUES (1853989857798516737, 1823353984983810050, -10, '0', 1, '2024-11-06 10:36:42', '2024-11-06 10:36:42');
INSERT INTO `t_currency_trade` VALUES (1853989930368364546, 1823353984983810050, -90, '0', 1, '2024-11-06 10:36:59', '2024-11-06 10:36:59');
INSERT INTO `t_currency_trade` VALUES (1853990756159713281, 1823353984983810050, -90, '0', 1, '2024-11-06 10:40:16', '2024-11-06 10:40:16');
INSERT INTO `t_currency_trade` VALUES (1853990802645184514, 1823353984983810050, -90, '0', 1, '2024-11-06 10:40:27', '2024-11-06 10:40:27');
INSERT INTO `t_currency_trade` VALUES (1853990846668599297, 1823353984983810050, -10, '0', 1, '2024-11-06 10:40:38', '2024-11-06 10:40:38');
INSERT INTO `t_currency_trade` VALUES (1853991464112091138, 1823353984983810050, -10, '0', 1, '2024-11-06 10:43:05', '2024-11-06 10:43:05');
INSERT INTO `t_currency_trade` VALUES (1853991637554950146, 1823353984983810050, -20, '0', 1, '2024-11-06 10:43:46', '2024-11-06 10:43:46');
INSERT INTO `t_currency_trade` VALUES (1853991869185388545, 1823353984983810050, -10, '0', 1, '2024-11-06 10:44:41', '2024-11-06 10:44:41');
INSERT INTO `t_currency_trade` VALUES (1853992003927404546, 1823353984983810050, -90, '0', 1, '2024-11-06 10:45:14', '2024-11-06 10:45:14');
INSERT INTO `t_currency_trade` VALUES (1854004655571464194, 1823353984983810050, -10, '0', 1, '2024-11-06 11:35:30', '2024-11-06 11:35:30');
INSERT INTO `t_currency_trade` VALUES (1854004908286668802, 1823353984983810050, -10, '0', 1, '2024-11-06 11:36:30', '2024-11-06 11:36:30');
INSERT INTO `t_currency_trade` VALUES (1854006194876837889, 1823353984983810050, -10, '0', 1, '2024-11-06 11:41:37', '2024-11-06 11:41:37');
INSERT INTO `t_currency_trade` VALUES (1854006261520134146, 1823353984983810050, -10, '0', 1, '2024-11-06 11:41:53', '2024-11-06 11:41:53');
INSERT INTO `t_currency_trade` VALUES (1854006313588224001, 1823353984983810050, -90, '0', 1, '2024-11-06 11:42:05', '2024-11-06 11:42:05');
INSERT INTO `t_currency_trade` VALUES (1854011449618329601, 1823353984983810050, -10, '0', 1, '2024-11-06 12:02:30', '2024-11-06 12:02:30');
INSERT INTO `t_currency_trade` VALUES (1854035847511404546, 1823353984983810050, -20, '0', 1, '2024-11-06 13:39:27', '2024-11-06 13:39:27');
INSERT INTO `t_currency_trade` VALUES (1854036030492110850, 1823353984983810050, -10, '0', 1, '2024-11-06 13:40:10', '2024-11-06 13:40:10');
INSERT INTO `t_currency_trade` VALUES (1854036223925022722, 1823353984983810050, -20, '0', 1, '2024-11-06 13:40:56', '2024-11-06 13:40:56');
INSERT INTO `t_currency_trade` VALUES (1855574538343952385, 1823353984983810050, -90, '0', 1, '2024-11-10 19:33:39', '2024-11-10 19:33:39');
INSERT INTO `t_currency_trade` VALUES (1855574538499141633, 1823353984983810050, -90, '0', 1, '2024-11-10 19:33:39', '2024-11-10 19:33:39');
INSERT INTO `t_currency_trade` VALUES (1855574538545278977, 1823353984983810050, -45, '0', 1, '2024-11-10 19:33:39', '2024-11-10 19:33:39');
INSERT INTO `t_currency_trade` VALUES (1855574538583027713, 1823353984983810050, -90, '0', 1, '2024-11-10 19:33:39', '2024-11-10 19:33:39');
INSERT INTO `t_currency_trade` VALUES (1855574538616582146, 1823353984983810050, -45, '0', 1, '2024-11-10 19:33:39', '2024-11-10 19:33:39');
INSERT INTO `t_currency_trade` VALUES (1855574538658525185, 1823353984983810050, -45, '0', 1, '2024-11-10 19:33:39', '2024-11-10 19:33:39');
INSERT INTO `t_currency_trade` VALUES (1855574538692079618, 1823353984983810050, -45, '0', 1, '2024-11-10 19:33:39', '2024-11-10 19:33:39');
INSERT INTO `t_currency_trade` VALUES (1855574538729828354, 1823353984983810050, -45, '0', 1, '2024-11-10 19:33:39', '2024-11-10 19:33:39');
INSERT INTO `t_currency_trade` VALUES (1855574538767577089, 1823353984983810050, -45, '0', 1, '2024-11-10 19:33:39', '2024-11-10 19:33:39');
INSERT INTO `t_currency_trade` VALUES (1855574538801131522, 1823353984983810050, -45, '0', 1, '2024-11-10 19:33:39', '2024-11-10 19:33:39');
INSERT INTO `t_currency_trade` VALUES (1855574538834685954, 1823353984983810050, -45, '0', 1, '2024-11-10 19:33:39', '2024-11-10 19:33:39');
INSERT INTO `t_currency_trade` VALUES (1855574538876628994, 1823353984983810050, -45, '0', 1, '2024-11-10 19:33:39', '2024-11-10 19:33:39');
INSERT INTO `t_currency_trade` VALUES (1855574538926960642, 1823353984983810050, -45, '0', 1, '2024-11-10 19:33:39', '2024-11-10 19:33:39');
INSERT INTO `t_currency_trade` VALUES (1855574538960515073, 1823353984983810050, -45, '0', 1, '2024-11-10 19:33:39', '2024-11-10 19:33:39');
INSERT INTO `t_currency_trade` VALUES (1855574538994069506, 1823353984983810050, -45, '0', 1, '2024-11-10 19:33:39', '2024-11-10 19:33:39');
INSERT INTO `t_currency_trade` VALUES (1855574539031818242, 1823353984983810050, -45, '0', 1, '2024-11-10 19:33:39', '2024-11-10 19:33:39');
INSERT INTO `t_currency_trade` VALUES (1855574539065372674, 1823353984983810050, -45, '0', 1, '2024-11-10 19:33:39', '2024-11-10 19:33:39');
INSERT INTO `t_currency_trade` VALUES (1855574539094732801, 1823353984983810050, -45, '0', 1, '2024-11-10 19:33:39', '2024-11-10 19:33:39');
INSERT INTO `t_currency_trade` VALUES (1855574539124092929, 1823353984983810050, -45, '0', 1, '2024-11-10 19:33:39', '2024-11-10 19:33:39');
INSERT INTO `t_currency_trade` VALUES (1855574539157647362, 1823353984983810050, -45, '0', 1, '2024-11-10 19:33:39', '2024-11-10 19:33:39');
INSERT INTO `t_currency_trade` VALUES (1855574539195396098, 1823353984983810050, -45, '0', 1, '2024-11-10 19:33:39', '2024-11-10 19:33:39');
INSERT INTO `t_currency_trade` VALUES (1855574539233144834, 1823353984983810050, -45, '0', 1, '2024-11-10 19:33:39', '2024-11-10 19:33:39');
INSERT INTO `t_currency_trade` VALUES (1855574539262504961, 1823353984983810050, -45, '0', 1, '2024-11-10 19:33:39', '2024-11-10 19:33:39');
INSERT INTO `t_currency_trade` VALUES (1855574539291865090, 1823353984983810050, -45, '0', 1, '2024-11-10 19:33:39', '2024-11-10 19:33:39');
INSERT INTO `t_currency_trade` VALUES (1855574539329613826, 1823353984983810050, -45, '0', 1, '2024-11-10 19:33:39', '2024-11-10 19:33:39');
INSERT INTO `t_currency_trade` VALUES (1855574539350585346, 1823353984983810050, -45, '0', 1, '2024-11-10 19:33:39', '2024-11-10 19:33:39');
INSERT INTO `t_currency_trade` VALUES (1855574539388334082, 1823353984983810050, -45, '0', 1, '2024-11-10 19:33:39', '2024-11-10 19:33:39');
INSERT INTO `t_currency_trade` VALUES (1855574539417694209, 1823353984983810050, -45, '0', 1, '2024-11-10 19:33:39', '2024-11-10 19:33:39');
INSERT INTO `t_currency_trade` VALUES (1855574539480608770, 1823353984983810050, -45, '0', 1, '2024-11-10 19:33:39', '2024-11-10 19:33:39');
INSERT INTO `t_currency_trade` VALUES (1855574539518357505, 1823353984983810050, -45, '0', 1, '2024-11-10 19:33:39', '2024-11-10 19:33:39');
INSERT INTO `t_currency_trade` VALUES (1855574539543523330, 1823353984983810050, -45, '0', 1, '2024-11-10 19:33:39', '2024-11-10 19:33:39');
INSERT INTO `t_currency_trade` VALUES (1855574539585466369, 1823353984983810050, -45, '0', 1, '2024-11-10 19:33:40', '2024-11-10 19:33:40');
INSERT INTO `t_currency_trade` VALUES (1855574539631603713, 1823353984983810050, -45, '0', 1, '2024-11-10 19:33:40', '2024-11-10 19:33:40');
INSERT INTO `t_currency_trade` VALUES (1855574539660963841, 1823353984983810050, -45, '0', 1, '2024-11-10 19:33:40', '2024-11-10 19:33:40');
INSERT INTO `t_currency_trade` VALUES (1855574539694518273, 1823353984983810050, -45, '0', 1, '2024-11-10 19:33:40', '2024-11-10 19:33:40');
INSERT INTO `t_currency_trade` VALUES (1855574539732267009, 1823353984983810050, -10, '0', 1, '2024-11-10 19:33:40', '2024-11-10 19:33:40');
INSERT INTO `t_currency_trade` VALUES (1855574539765821441, 1823353984983810050, -45, '0', 1, '2024-11-10 19:33:40', '2024-11-10 19:33:40');
INSERT INTO `t_currency_trade` VALUES (1855574539795181570, 1823353984983810050, -20, '0', 1, '2024-11-10 19:33:40', '2024-11-10 19:33:40');
INSERT INTO `t_currency_trade` VALUES (1855574539832930305, 1823353984983810050, -10, '0', 1, '2024-11-10 19:33:40', '2024-11-10 19:33:40');
INSERT INTO `t_currency_trade` VALUES (1855574539862290434, 1823353984983810050, -20, '0', 1, '2024-11-10 19:33:40', '2024-11-10 19:33:40');
INSERT INTO `t_currency_trade` VALUES (1855574539891650562, 1823353984983810050, -90, '0', 1, '2024-11-10 19:33:40', '2024-11-10 19:33:40');
INSERT INTO `t_currency_trade` VALUES (1855574539925204993, 1823353984983810050, -10, '0', 1, '2024-11-10 19:33:40', '2024-11-10 19:33:40');
INSERT INTO `t_currency_trade` VALUES (1855574539954565122, 1823353984983810050, -20, '0', 1, '2024-11-10 19:33:40', '2024-11-10 19:33:40');
INSERT INTO `t_currency_trade` VALUES (1855574539988119554, 1823353984983810050, -45, '0', 1, '2024-11-10 19:33:40', '2024-11-10 19:33:40');
INSERT INTO `t_currency_trade` VALUES (1855574540013285378, 1823353984983810050, -45, '0', 1, '2024-11-10 19:33:40', '2024-11-10 19:33:40');
INSERT INTO `t_currency_trade` VALUES (1855574540042645505, 1823353984983810050, -45, '0', 1, '2024-11-10 19:33:40', '2024-11-10 19:33:40');
INSERT INTO `t_currency_trade` VALUES (1855574540063617026, 1823353984983810050, -45, '0', 1, '2024-11-10 19:33:40', '2024-11-10 19:33:40');
INSERT INTO `t_currency_trade` VALUES (1855574540113948673, 1823353984983810050, -45, '0', 1, '2024-11-10 19:33:40', '2024-11-10 19:33:40');
INSERT INTO `t_currency_trade` VALUES (1855574540143308801, 1823353984983810050, -45, '0', 1, '2024-11-10 19:33:40', '2024-11-10 19:33:40');
INSERT INTO `t_currency_trade` VALUES (1855574540168474625, 1823353984983810050, -45, '0', 1, '2024-11-10 19:33:40', '2024-11-10 19:33:40');
INSERT INTO `t_currency_trade` VALUES (1855574540193640449, 1823353984983810050, -45, '0', 1, '2024-11-10 19:33:40', '2024-11-10 19:33:40');
INSERT INTO `t_currency_trade` VALUES (1855574540223000578, 1823353984983810050, -45, '0', 1, '2024-11-10 19:33:40', '2024-11-10 19:33:40');
INSERT INTO `t_currency_trade` VALUES (1855574540248166401, 1823353984983810050, -45, '0', 1, '2024-11-10 19:33:40', '2024-11-10 19:33:40');
INSERT INTO `t_currency_trade` VALUES (1855574540277526529, 1823353984983810050, -45, '0', 1, '2024-11-10 19:33:40', '2024-11-10 19:33:40');
INSERT INTO `t_currency_trade` VALUES (1855574540868923393, 1823353984983810050, -45, '0', 1, '2024-11-10 19:33:40', '2024-11-10 19:33:40');
INSERT INTO `t_currency_trade` VALUES (1855574540902477825, 1823353984983810050, -45, '0', 1, '2024-11-10 19:33:40', '2024-11-10 19:33:40');
INSERT INTO `t_currency_trade` VALUES (1855574540931837954, 1823353984983810050, -45, '0', 1, '2024-11-10 19:33:40', '2024-11-10 19:33:40');
INSERT INTO `t_currency_trade` VALUES (1855574540965392385, 1823353984983810050, -45, '0', 1, '2024-11-10 19:33:40', '2024-11-10 19:33:40');
INSERT INTO `t_currency_trade` VALUES (1855574540994752513, 1823353984983810050, -45, '0', 1, '2024-11-10 19:33:40', '2024-11-10 19:33:40');
INSERT INTO `t_currency_trade` VALUES (1855574541019918338, 1823353984983810050, -45, '0', 1, '2024-11-10 19:33:40', '2024-11-10 19:33:40');
INSERT INTO `t_currency_trade` VALUES (1855574541045084162, 1823353984983810050, -45, '0', 1, '2024-11-10 19:33:40', '2024-11-10 19:33:40');
INSERT INTO `t_currency_trade` VALUES (1855574541070249986, 1823353984983810050, -45, '0', 1, '2024-11-10 19:33:40', '2024-11-10 19:33:40');
INSERT INTO `t_currency_trade` VALUES (1855574541103804418, 1823353984983810050, -45, '0', 1, '2024-11-10 19:33:40', '2024-11-10 19:33:40');
INSERT INTO `t_currency_trade` VALUES (1855574541128970242, 1823353984983810050, -45, '0', 1, '2024-11-10 19:33:40', '2024-11-10 19:33:40');
INSERT INTO `t_currency_trade` VALUES (1855574541158330369, 1823353984983810050, -45, '0', 1, '2024-11-10 19:33:40', '2024-11-10 19:33:40');
INSERT INTO `t_currency_trade` VALUES (1855574541183496193, 1823353984983810050, -45, '0', 1, '2024-11-10 19:33:40', '2024-11-10 19:33:40');
INSERT INTO `t_currency_trade` VALUES (1855574541217050626, 1823353984983810050, -90, '0', 1, '2024-11-10 19:33:40', '2024-11-10 19:33:40');
INSERT INTO `t_currency_trade` VALUES (1855574541242216450, 1823353984983810050, -90, '0', 1, '2024-11-10 19:33:40', '2024-11-10 19:33:40');
INSERT INTO `t_currency_trade` VALUES (1855574541267382273, 1823353984983810050, -10, '0', 1, '2024-11-10 19:33:40', '2024-11-10 19:33:40');
INSERT INTO `t_currency_trade` VALUES (1855574541296742402, 1823353984983810050, -90, '0', 1, '2024-11-10 19:33:40', '2024-11-10 19:33:40');
INSERT INTO `t_currency_trade` VALUES (1855574541321908225, 1823353984983810050, -45, '0', 1, '2024-11-10 19:33:40', '2024-11-10 19:33:40');
INSERT INTO `t_currency_trade` VALUES (1855574541347074050, 1823353984983810050, -45, '0', 1, '2024-11-10 19:33:40', '2024-11-10 19:33:40');
INSERT INTO `t_currency_trade` VALUES (1855574541372239873, 1823353984983810050, -45, '0', 1, '2024-11-10 19:33:40', '2024-11-10 19:33:40');
INSERT INTO `t_currency_trade` VALUES (1855574541401600002, 1823353984983810050, -45, '0', 1, '2024-11-10 19:33:40', '2024-11-10 19:33:40');
INSERT INTO `t_currency_trade` VALUES (1855574541430960129, 1823353984983810050, -45, '0', 1, '2024-11-10 19:33:40', '2024-11-10 19:33:40');
INSERT INTO `t_currency_trade` VALUES (1855574541456125954, 1823353984983810050, -45, '0', 1, '2024-11-10 19:33:40', '2024-11-10 19:33:40');
INSERT INTO `t_currency_trade` VALUES (1855574541489680385, 1823353984983810050, -45, '0', 1, '2024-11-10 19:33:40', '2024-11-10 19:33:40');
INSERT INTO `t_currency_trade` VALUES (1855574541523234817, 1823353984983810050, -45, '0', 1, '2024-11-10 19:33:40', '2024-11-10 19:33:40');
INSERT INTO `t_currency_trade` VALUES (1855574541548400641, 1823353984983810050, -45, '0', 1, '2024-11-10 19:33:40', '2024-11-10 19:33:40');
INSERT INTO `t_currency_trade` VALUES (1855574541577760769, 1823353984983810050, -45, '0', 1, '2024-11-10 19:33:40', '2024-11-10 19:33:40');
INSERT INTO `t_currency_trade` VALUES (1855574541602926593, 1823353984983810050, -45, '0', 1, '2024-11-10 19:33:40', '2024-11-10 19:33:40');
INSERT INTO `t_currency_trade` VALUES (1855574541632286721, 1823353984983810050, -45, '0', 1, '2024-11-10 19:33:40', '2024-11-10 19:33:40');
INSERT INTO `t_currency_trade` VALUES (1855574541657452546, 1823353984983810050, -45, '0', 1, '2024-11-10 19:33:40', '2024-11-10 19:33:40');
INSERT INTO `t_currency_trade` VALUES (1855574541691006978, 1823353984983810050, -45, '0', 1, '2024-11-10 19:33:40', '2024-11-10 19:33:40');
INSERT INTO `t_currency_trade` VALUES (1855574541724561410, 1823353984983810050, -45, '0', 1, '2024-11-10 19:33:40', '2024-11-10 19:33:40');
INSERT INTO `t_currency_trade` VALUES (1855574541749727234, 1823353984983810050, -45, '0', 1, '2024-11-10 19:33:40', '2024-11-10 19:33:40');
INSERT INTO `t_currency_trade` VALUES (1855574541774893058, 1823353984983810050, -45, '0', 1, '2024-11-10 19:33:40', '2024-11-10 19:33:40');
INSERT INTO `t_currency_trade` VALUES (1855574541808447489, 1823353984983810050, -90, '0', 1, '2024-11-10 19:33:40', '2024-11-10 19:33:40');
INSERT INTO `t_currency_trade` VALUES (1855574541829419009, 1823353984983810050, -10, '0', 1, '2024-11-10 19:33:40', '2024-11-10 19:33:40');
INSERT INTO `t_currency_trade` VALUES (1855574541862973441, 1823353984983810050, -20, '0', 1, '2024-11-10 19:33:40', '2024-11-10 19:33:40');
INSERT INTO `t_currency_trade` VALUES (1855574541888139266, 1823353984983810050, -10, '0', 1, '2024-11-10 19:33:40', '2024-11-10 19:33:40');
INSERT INTO `t_currency_trade` VALUES (1855574541913305089, 1823353984983810050, -10, '0', 1, '2024-11-10 19:33:40', '2024-11-10 19:33:40');
INSERT INTO `t_currency_trade` VALUES (1855574541942665217, 1823353984983810050, -90, '0', 1, '2024-11-10 19:33:40', '2024-11-10 19:33:40');
INSERT INTO `t_currency_trade` VALUES (1855574541967831041, 1823353984983810050, -20, '0', 1, '2024-11-10 19:33:40', '2024-11-10 19:33:40');
INSERT INTO `t_currency_trade` VALUES (1855574542001385473, 1823353984983810050, -10, '0', 1, '2024-11-10 19:33:40', '2024-11-10 19:33:40');
INSERT INTO `t_currency_trade` VALUES (1855574542026551297, 1823353984983810050, -90, '0', 1, '2024-11-10 19:33:40', '2024-11-10 19:33:40');
INSERT INTO `t_currency_trade` VALUES (1855574542051717122, 1823353984983810050, -10, '0', 1, '2024-11-10 19:33:40', '2024-11-10 19:33:40');
INSERT INTO `t_currency_trade` VALUES (1855574542081077250, 1823353984983810050, -45, '0', 1, '2024-11-10 19:33:40', '2024-11-10 19:33:40');
INSERT INTO `t_currency_trade` VALUES (1855574542110437378, 1823353984983810050, -45, '0', 1, '2024-11-10 19:33:40', '2024-11-10 19:33:40');
INSERT INTO `t_currency_trade` VALUES (1855574542139797506, 1823353984983810050, -45, '0', 1, '2024-11-10 19:33:40', '2024-11-10 19:33:40');
INSERT INTO `t_currency_trade` VALUES (1855574542173351937, 1823353984983810050, -90, '0', 1, '2024-11-10 19:33:40', '2024-11-10 19:33:40');
INSERT INTO `t_currency_trade` VALUES (1855574542194323457, 1823353984983810050, -45, '0', 1, '2024-11-10 19:33:40', '2024-11-10 19:33:40');
INSERT INTO `t_currency_trade` VALUES (1855574542219489282, 1823353984983810050, -45, '0', 1, '2024-11-10 19:33:40', '2024-11-10 19:33:40');
INSERT INTO `t_currency_trade` VALUES (1855574542248849409, 1823353984983810050, -45, '0', 1, '2024-11-10 19:33:40', '2024-11-10 19:33:40');
INSERT INTO `t_currency_trade` VALUES (1855574542265626626, 1823353984983810050, -45, '0', 1, '2024-11-10 19:33:40', '2024-11-10 19:33:40');
INSERT INTO `t_currency_trade` VALUES (1855574542290792450, 1823353984983810050, -45, '0', 1, '2024-11-10 19:33:40', '2024-11-10 19:33:40');
INSERT INTO `t_currency_trade` VALUES (1855574542328541186, 1823353984983810050, -45, '0', 1, '2024-11-10 19:33:40', '2024-11-10 19:33:40');
INSERT INTO `t_currency_trade` VALUES (1855574542362095618, 1823353984983810050, -45, '0', 1, '2024-11-10 19:33:40', '2024-11-10 19:33:40');
INSERT INTO `t_currency_trade` VALUES (1855574542395650049, 1823353984983810050, -45, '0', 1, '2024-11-10 19:33:40', '2024-11-10 19:33:40');
INSERT INTO `t_currency_trade` VALUES (1855574542420815874, 1823353984983810050, -45, '0', 1, '2024-11-10 19:33:40', '2024-11-10 19:33:40');
INSERT INTO `t_currency_trade` VALUES (1855574542450176001, 1823353984983810050, -45, '0', 1, '2024-11-10 19:33:40', '2024-11-10 19:33:40');
INSERT INTO `t_currency_trade` VALUES (1855574542471147522, 1823353984983810050, -45, '0', 1, '2024-11-10 19:33:40', '2024-11-10 19:33:40');
INSERT INTO `t_currency_trade` VALUES (1855574542487924738, 1845364359214202881, -90, '0', 1, '2024-11-10 19:33:40', '2024-11-10 19:33:40');
INSERT INTO `t_currency_trade` VALUES (1855574542500507650, 1823353984983810050, -45, '0', 1, '2024-11-10 19:33:40', '2024-11-10 19:33:40');
INSERT INTO `t_currency_trade` VALUES (1855574542513090562, 1845364359214202881, -10, '0', 1, '2024-11-10 19:33:40', '2024-11-10 19:33:40');
INSERT INTO `t_currency_trade` VALUES (1855574542525673473, 1823353984983810050, -45, '0', 1, '2024-11-10 19:33:40', '2024-11-10 19:33:40');
INSERT INTO `t_currency_trade` VALUES (1855574542538256386, 1845364359214202881, -20, '0', 1, '2024-11-10 19:33:40', '2024-11-10 19:33:40');
INSERT INTO `t_currency_trade` VALUES (1855574542550839297, 1823353984983810050, -45, '0', 1, '2024-11-10 19:33:40', '2024-11-10 19:33:40');
INSERT INTO `t_currency_trade` VALUES (1855574542567616514, 1845364359214202881, -20, '0', 1, '2024-11-10 19:33:40', '2024-11-10 19:33:40');
INSERT INTO `t_currency_trade` VALUES (1855574542576005122, 1823353984983810050, -20, '0', 1, '2024-11-10 19:33:40', '2024-11-10 19:33:40');
INSERT INTO `t_currency_trade` VALUES (1855574542601170945, 1845364359214202881, -20, '0', 1, '2024-11-10 19:33:40', '2024-11-10 19:33:40');
INSERT INTO `t_currency_trade` VALUES (1855574542617948162, 1823353984983810050, -90, '0', 1, '2024-11-10 19:33:40', '2024-11-10 19:33:40');
INSERT INTO `t_currency_trade` VALUES (1855574542643113986, 1845364359214202881, -10, '0', 1, '2024-11-10 19:33:40', '2024-11-10 19:33:40');
INSERT INTO `t_currency_trade` VALUES (1855574542651502594, 1823353984983810050, -90, '0', 1, '2024-11-10 19:33:40', '2024-11-10 19:33:40');
INSERT INTO `t_currency_trade` VALUES (1855574542668279809, 1845364359214202881, -10, '0', 1, '2024-11-10 19:33:40', '2024-11-10 19:33:40');
INSERT INTO `t_currency_trade` VALUES (1855574542685057026, 1823353984983810050, -90, '0', 1, '2024-11-10 19:33:40', '2024-11-10 19:33:40');
INSERT INTO `t_currency_trade` VALUES (1855574542701834241, 1845364359214202881, -90, '0', 1, '2024-11-10 19:33:40', '2024-11-10 19:33:40');
INSERT INTO `t_currency_trade` VALUES (1855574542718611457, 1823353984983810050, -90, '0', 1, '2024-11-10 19:33:40', '2024-11-10 19:33:40');
INSERT INTO `t_currency_trade` VALUES (1855574542743777282, 1845364359214202881, -10, '0', 1, '2024-11-10 19:33:40', '2024-11-10 19:33:40');
INSERT INTO `t_currency_trade` VALUES (1855574542752165890, 1823353984983810050, -90, '0', 1, '2024-11-10 19:33:40', '2024-11-10 19:33:40');
INSERT INTO `t_currency_trade` VALUES (1855574542768943106, 1845364359214202881, -10, '0', 1, '2024-11-10 19:33:40', '2024-11-10 19:33:40');
INSERT INTO `t_currency_trade` VALUES (1855574542777331714, 1823353984983810050, -90, '0', 1, '2024-11-10 19:33:40', '2024-11-10 19:33:40');
INSERT INTO `t_currency_trade` VALUES (1855574542789914625, 1845364359214202881, -20, '0', 1, '2024-11-10 19:33:40', '2024-11-10 19:33:40');
INSERT INTO `t_currency_trade` VALUES (1855574542802497537, 1823353984983810050, -90, '0', 1, '2024-11-10 19:33:40', '2024-11-10 19:33:40');
INSERT INTO `t_currency_trade` VALUES (1855574542815080450, 1845364359214202881, -10, '0', 1, '2024-11-10 19:33:40', '2024-11-10 19:33:40');
INSERT INTO `t_currency_trade` VALUES (1855574542831857666, 1823353984983810050, -90, '0', 1, '2024-11-10 19:33:40', '2024-11-10 19:33:40');
INSERT INTO `t_currency_trade` VALUES (1855574542840246273, 1845364359214202881, -10, '0', 1, '2024-11-10 19:33:40', '2024-11-10 19:33:40');
INSERT INTO `t_currency_trade` VALUES (1855574542861217794, 1823353984983810050, -10, '0', 1, '2024-11-10 19:33:40', '2024-11-10 19:33:40');
INSERT INTO `t_currency_trade` VALUES (1855574542865412097, 1845364359214202881, -10, '0', 1, '2024-11-10 19:33:40', '2024-11-10 19:33:40');
INSERT INTO `t_currency_trade` VALUES (1855574542886383618, 1823353984983810050, -20, '0', 1, '2024-11-10 19:33:40', '2024-11-10 19:33:40');
INSERT INTO `t_currency_trade` VALUES (1855574542894772225, 1845364359214202881, -90, '0', 1, '2024-11-10 19:33:40', '2024-11-10 19:33:40');
INSERT INTO `t_currency_trade` VALUES (1855574542915743745, 1823353984983810050, -10, '0', 1, '2024-11-10 19:33:40', '2024-11-10 19:33:40');
INSERT INTO `t_currency_trade` VALUES (1855574542928326657, 1845364359214202881, -90, '0', 1, '2024-11-10 19:33:40', '2024-11-10 19:33:40');
INSERT INTO `t_currency_trade` VALUES (1855574542949298177, 1823353984983810050, -10, '0', 1, '2024-11-10 19:33:40', '2024-11-10 19:33:40');
INSERT INTO `t_currency_trade` VALUES (1855574542957686785, 1845364359214202881, -20, '0', 1, '2024-11-10 19:33:40', '2024-11-10 19:33:40');
INSERT INTO `t_currency_trade` VALUES (1855574542978658305, 1823353984983810050, -90, '0', 1, '2024-11-10 19:33:40', '2024-11-10 19:33:40');
INSERT INTO `t_currency_trade` VALUES (1855574543033184258, 1845364359214202881, -90, '0', 1, '2024-11-10 19:33:40', '2024-11-10 19:33:40');
INSERT INTO `t_currency_trade` VALUES (1855574543087710209, 1823353984983810050, -10, '0', 1, '2024-11-10 19:33:40', '2024-11-10 19:33:40');
INSERT INTO `t_currency_trade` VALUES (1855574543121264641, 1845364359214202881, -10, '0', 1, '2024-11-10 19:33:40', '2024-11-10 19:33:40');
INSERT INTO `t_currency_trade` VALUES (1855574543133847553, 1823353984983810050, -10, '0', 1, '2024-11-10 19:33:40', '2024-11-10 19:33:40');
INSERT INTO `t_currency_trade` VALUES (1855574543179984898, 1845364359214202881, -10, '0', 1, '2024-11-10 19:33:40', '2024-11-10 19:33:40');
INSERT INTO `t_currency_trade` VALUES (1855574543184179202, 1823353984983810050, -10, '0', 1, '2024-11-10 19:33:40', '2024-11-10 19:33:40');
INSERT INTO `t_currency_trade` VALUES (1855574543200956418, 1845364359214202881, -10, '0', 1, '2024-11-10 19:33:40', '2024-11-10 19:33:40');
INSERT INTO `t_currency_trade` VALUES (1855574543205150721, 1823353984983810050, -90, '0', 1, '2024-11-10 19:33:40', '2024-11-10 19:33:40');
INSERT INTO `t_currency_trade` VALUES (1855574543226122242, 1845364359214202881, -20, '0', 1, '2024-11-10 19:33:40', '2024-11-10 19:33:40');
INSERT INTO `t_currency_trade` VALUES (1855574543230316545, 1823353984983810050, -10, '0', 1, '2024-11-10 19:33:40', '2024-11-10 19:33:40');
INSERT INTO `t_currency_trade` VALUES (1855574543255482370, 1823353984983810050, -10, '0', 1, '2024-11-10 19:33:40', '2024-11-10 19:33:40');
INSERT INTO `t_currency_trade` VALUES (1855574543284842498, 1823353984983810050, -10, '0', 1, '2024-11-10 19:33:40', '2024-11-10 19:33:40');
INSERT INTO `t_currency_trade` VALUES (1855574543314202626, 1823353984983810050, -10, '0', 1, '2024-11-10 19:33:40', '2024-11-10 19:33:40');
INSERT INTO `t_currency_trade` VALUES (1855574543347757058, 1823353984983810050, -90, '0', 1, '2024-11-10 19:33:40', '2024-11-10 19:33:40');
INSERT INTO `t_currency_trade` VALUES (1855574543377117186, 1823353984983810050, -20, '0', 1, '2024-11-10 19:33:40', '2024-11-10 19:33:40');
INSERT INTO `t_currency_trade` VALUES (1855574543419060225, 1823353984983810050, -90, '0', 1, '2024-11-10 19:33:40', '2024-11-10 19:33:40');
INSERT INTO `t_currency_trade` VALUES (1855574543448420353, 1823353984983810050, -20, '0', 1, '2024-11-10 19:33:40', '2024-11-10 19:33:40');
INSERT INTO `t_currency_trade` VALUES (1855574543481974785, 1823353984983810050, -10, '0', 1, '2024-11-10 19:33:40', '2024-11-10 19:33:40');
INSERT INTO `t_currency_trade` VALUES (1855574543507140610, 1823353984983810050, -90, '0', 1, '2024-11-10 19:33:40', '2024-11-10 19:33:40');
INSERT INTO `t_currency_trade` VALUES (1855574543540695041, 1823353984983810050, -20, '0', 1, '2024-11-10 19:33:40', '2024-11-10 19:33:40');
INSERT INTO `t_currency_trade` VALUES (1855574543574249473, 1823353984983810050, -90, '0', 1, '2024-11-10 19:33:40', '2024-11-10 19:33:40');
INSERT INTO `t_currency_trade` VALUES (1855574543607803906, 1823353984983810050, -90, '0', 1, '2024-11-10 19:33:40', '2024-11-10 19:33:40');
INSERT INTO `t_currency_trade` VALUES (1855574543641358338, 1823353984983810050, -20, '0', 1, '2024-11-10 19:33:40', '2024-11-10 19:33:40');
INSERT INTO `t_currency_trade` VALUES (1855574543674912770, 1823353984983810050, -10, '0', 1, '2024-11-10 19:33:40', '2024-11-10 19:33:40');
INSERT INTO `t_currency_trade` VALUES (1855574543704272898, 1823353984983810050, -10, '0', 1, '2024-11-10 19:33:40', '2024-11-10 19:33:40');
INSERT INTO `t_currency_trade` VALUES (1855574543742021634, 1823353984983810050, -10, '0', 1, '2024-11-10 19:33:40', '2024-11-10 19:33:40');
INSERT INTO `t_currency_trade` VALUES (1855574543779770369, 1823353984983810050, -10, '0', 1, '2024-11-10 19:33:41', '2024-11-10 19:33:41');
INSERT INTO `t_currency_trade` VALUES (1855574543821713410, 1823353984983810050, -90, '0', 1, '2024-11-10 19:33:41', '2024-11-10 19:33:41');
INSERT INTO `t_currency_trade` VALUES (1855574543851073537, 1823353984983810050, -90, '0', 1, '2024-11-10 19:33:41', '2024-11-10 19:33:41');
INSERT INTO `t_currency_trade` VALUES (1855574543872045058, 1823353984983810050, -10, '0', 1, '2024-11-10 19:33:41', '2024-11-10 19:33:41');
INSERT INTO `t_currency_trade` VALUES (1855574543897210882, 1823353984983810050, -10, '0', 1, '2024-11-10 19:33:41', '2024-11-10 19:33:41');
INSERT INTO `t_currency_trade` VALUES (1855574543922376706, 1823353984983810050, -90, '0', 1, '2024-11-10 19:33:41', '2024-11-10 19:33:41');
INSERT INTO `t_currency_trade` VALUES (1855574543951736833, 1823353984983810050, -20, '0', 1, '2024-11-10 19:33:41', '2024-11-10 19:33:41');
INSERT INTO `t_currency_trade` VALUES (1855574543972708354, 1823353984983810050, -90, '0', 1, '2024-11-10 19:33:41', '2024-11-10 19:33:41');
INSERT INTO `t_currency_trade` VALUES (1855574544014651393, 1823353984983810050, -10, '0', 1, '2024-11-10 19:33:41', '2024-11-10 19:33:41');
INSERT INTO `t_currency_trade` VALUES (1855574544039817218, 1823353984983810050, -90, '0', 1, '2024-11-10 19:33:41', '2024-11-10 19:33:41');
INSERT INTO `t_currency_trade` VALUES (1855574544069177345, 1823353984983810050, -90, '0', 1, '2024-11-10 19:33:41', '2024-11-10 19:33:41');
INSERT INTO `t_currency_trade` VALUES (1855574544098537474, 1823353984983810050, -10, '0', 1, '2024-11-10 19:33:41', '2024-11-10 19:33:41');
INSERT INTO `t_currency_trade` VALUES (1855574544119508993, 1823353984983810050, -10, '0', 1, '2024-11-10 19:33:41', '2024-11-10 19:33:41');
INSERT INTO `t_currency_trade` VALUES (1855574544148869122, 1823353984983810050, -20, '0', 1, '2024-11-10 19:33:41', '2024-11-10 19:33:41');
INSERT INTO `t_currency_trade` VALUES (1855574544174034946, 1823353984983810050, -10, '0', 1, '2024-11-10 19:33:41', '2024-11-10 19:33:41');
INSERT INTO `t_currency_trade` VALUES (1855574544199200770, 1823353984983810050, -10, '0', 1, '2024-11-10 19:33:41', '2024-11-10 19:33:41');
INSERT INTO `t_currency_trade` VALUES (1855574544228560897, 1823353984983810050, -90, '0', 1, '2024-11-10 19:33:41', '2024-11-10 19:33:41');
INSERT INTO `t_currency_trade` VALUES (1855574544253726722, 1823353984983810050, -20, '0', 1, '2024-11-10 19:33:41', '2024-11-10 19:33:41');
INSERT INTO `t_currency_trade` VALUES (1855574544283086850, 1823353984983810050, -20, '0', 1, '2024-11-10 19:33:41', '2024-11-10 19:33:41');
INSERT INTO `t_currency_trade` VALUES (1855574544312446977, 1823353984983810050, -10, '0', 1, '2024-11-10 19:33:41', '2024-11-10 19:33:41');
INSERT INTO `t_currency_trade` VALUES (1855574544346001410, 1823353984983810050, -90, '0', 1, '2024-11-10 19:33:41', '2024-11-10 19:33:41');
INSERT INTO `t_currency_trade` VALUES (1855574544379555841, 1823353984983810050, -10, '0', 1, '2024-11-10 19:33:41', '2024-11-10 19:33:41');
INSERT INTO `t_currency_trade` VALUES (1855574544417304578, 1823353984983810050, -90, '0', 1, '2024-11-10 19:33:41', '2024-11-10 19:33:41');
INSERT INTO `t_currency_trade` VALUES (1855574544455053314, 1823353984983810050, -10, '0', 1, '2024-11-10 19:33:41', '2024-11-10 19:33:41');
INSERT INTO `t_currency_trade` VALUES (1855574544878678018, 1823353984983810050, -10, '0', 1, '2024-11-10 19:33:41', '2024-11-10 19:33:41');
INSERT INTO `t_currency_trade` VALUES (1855574544908038146, 1823353984983810050, -10, '0', 1, '2024-11-10 19:33:41', '2024-11-10 19:33:41');
INSERT INTO `t_currency_trade` VALUES (1855574544920621057, 1823353984983810050, -90, '0', 1, '2024-11-10 19:33:41', '2024-11-10 19:33:41');
INSERT INTO `t_currency_trade` VALUES (1855574544920621058, 1823353984983810050, -10, '0', 1, '2024-11-10 19:33:41', '2024-11-10 19:33:41');
INSERT INTO `t_currency_trade` VALUES (1855574544920621059, 1823353984983810050, -10, '0', 1, '2024-11-10 19:33:41', '2024-11-10 19:33:41');
INSERT INTO `t_currency_trade` VALUES (1855574544983535617, 1823353984983810050, -20, '0', 1, '2024-11-10 19:33:41', '2024-11-10 19:33:41');
INSERT INTO `t_currency_trade` VALUES (1855574544983535618, 1823353984983810050, -20, '0', 1, '2024-11-10 19:33:41', '2024-11-10 19:33:41');
INSERT INTO `t_currency_trade` VALUES (1855574544983535619, 1823353984983810050, -90, '0', 1, '2024-11-10 19:33:41', '2024-11-10 19:33:41');
INSERT INTO `t_currency_trade` VALUES (1855574545042255874, 1823353984983810050, -90, '0', 1, '2024-11-10 19:33:41', '2024-11-10 19:33:41');
INSERT INTO `t_currency_trade` VALUES (1855574545042255875, 1823353984983810050, -90, '0', 1, '2024-11-10 19:33:41', '2024-11-10 19:33:41');
INSERT INTO `t_currency_trade` VALUES (1855574545042255876, 1823353984983810050, -10, '0', 1, '2024-11-10 19:33:41', '2024-11-10 19:33:41');
INSERT INTO `t_currency_trade` VALUES (1855574545109364738, 1823353984983810050, -10, '0', 1, '2024-11-10 19:33:41', '2024-11-10 19:33:41');
INSERT INTO `t_currency_trade` VALUES (1855574545109364739, 1823353984983810050, -20, '0', 1, '2024-11-10 19:33:41', '2024-11-10 19:33:41');
INSERT INTO `t_currency_trade` VALUES (1855574545109364740, 1823353984983810050, -10, '0', 1, '2024-11-10 19:33:41', '2024-11-10 19:33:41');
INSERT INTO `t_currency_trade` VALUES (1855574545168084994, 1823353984983810050, -10, '0', 1, '2024-11-10 19:33:41', '2024-11-10 19:33:41');
INSERT INTO `t_currency_trade` VALUES (1855877531073359873, 1823353984983810050, 300, '0', 1, '2024-11-11 15:37:39', '2024-11-11 15:37:39');
INSERT INTO `t_currency_trade` VALUES (1855891369172697090, 1823353984983810050, -10, '0', 1, '2024-11-11 16:32:38', '2024-11-11 16:32:38');
INSERT INTO `t_currency_trade` VALUES (1855891576950128641, 1823353984983810050, -10, '0', 1, '2024-11-11 16:33:27', '2024-11-11 16:33:27');
INSERT INTO `t_currency_trade` VALUES (1855892138072506369, 1823353984983810050, -20, '0', 1, '2024-11-11 16:35:41', '2024-11-11 16:35:41');
INSERT INTO `t_currency_trade` VALUES (1855893879035822081, 1823353984983810050, -90, '0', 1, '2024-11-11 16:42:36', '2024-11-11 16:42:36');
INSERT INTO `t_currency_trade` VALUES (1855894744731779074, 1823353984983810050, -90, '0', 1, '2024-11-11 16:46:03', '2024-11-11 16:46:03');
INSERT INTO `t_currency_trade` VALUES (1855906508726894593, 1823353984983810050, -10, '0', 1, '2024-11-11 17:32:47', '2024-11-11 17:32:47');
INSERT INTO `t_currency_trade` VALUES (1855906556047032321, 1823353984983810050, -90, '0', 1, '2024-11-11 17:32:59', '2024-11-11 17:32:59');
INSERT INTO `t_currency_trade` VALUES (1855906565811372034, 1823353984983810050, -90, '0', 1, '2024-11-11 17:33:01', '2024-11-11 17:33:01');
INSERT INTO `t_currency_trade` VALUES (1855906630370099202, 1823353984983810050, -90, '0', 1, '2024-11-11 17:33:16', '2024-11-11 17:33:16');
INSERT INTO `t_currency_trade` VALUES (1855906660715888642, 1823353984983810050, -90, '0', 1, '2024-11-11 17:33:24', '2024-11-11 17:33:24');
INSERT INTO `t_currency_trade` VALUES (1855906859324571649, 1823353984983810050, -10, '0', 1, '2024-11-11 17:34:11', '2024-11-11 17:34:11');
INSERT INTO `t_currency_trade` VALUES (1855906886025510914, 1823353984983810050, -10, '0', 1, '2024-11-11 17:34:17', '2024-11-11 17:34:17');
INSERT INTO `t_currency_trade` VALUES (1855948044965629954, 1823353984983810050, -10, '0', 1, '2024-11-11 20:17:50', '2024-11-11 20:17:50');
INSERT INTO `t_currency_trade` VALUES (1855948103396478977, 1845364359214202881, 300, '0', 1, '2024-11-11 20:18:04', '2024-11-11 20:18:04');
INSERT INTO `t_currency_trade` VALUES (1855948103501336577, 1845364359214202881, 300, '0', 1, '2024-11-11 20:18:04', '2024-11-11 20:18:04');
INSERT INTO `t_currency_trade` VALUES (1855948106911305730, 1845364359214202881, 300, '0', 1, '2024-11-11 20:18:05', '2024-11-11 20:18:05');
INSERT INTO `t_currency_trade` VALUES (1855948107875995650, 1845364359214202881, 300, '0', 1, '2024-11-11 20:18:05', '2024-11-11 20:18:05');
INSERT INTO `t_currency_trade` VALUES (1855948109654380546, 1845364359214202881, 300, '0', 1, '2024-11-11 20:18:06', '2024-11-11 20:18:06');
INSERT INTO `t_currency_trade` VALUES (1855948110572933122, 1845364359214202881, 300, '0', 1, '2024-11-11 20:18:06', '2024-11-11 20:18:06');
INSERT INTO `t_currency_trade` VALUES (1855948111361462273, 1845364359214202881, 300, '0', 1, '2024-11-11 20:18:06', '2024-11-11 20:18:06');
INSERT INTO `t_currency_trade` VALUES (1855948112187740161, 1845364359214202881, 300, '0', 1, '2024-11-11 20:18:06', '2024-11-11 20:18:06');
INSERT INTO `t_currency_trade` VALUES (1855948113722855427, 1845364359214202881, 300, '0', 1, '2024-11-11 20:18:07', '2024-11-11 20:18:07');
INSERT INTO `t_currency_trade` VALUES (1855948113886433282, 1845364359214202881, 300, '0', 1, '2024-11-11 20:18:07', '2024-11-11 20:18:07');
INSERT INTO `t_currency_trade` VALUES (1855948114679156738, 1845364359214202881, 300, '0', 1, '2024-11-11 20:18:07', '2024-11-11 20:18:07');
INSERT INTO `t_currency_trade` VALUES (1855948115379605506, 1845364359214202881, 300, '0', 1, '2024-11-11 20:18:07', '2024-11-11 20:18:07');
INSERT INTO `t_currency_trade` VALUES (1855948116210077697, 1845364359214202881, 300, '0', 1, '2024-11-11 20:18:07', '2024-11-11 20:18:07');
INSERT INTO `t_currency_trade` VALUES (1855948119657795586, 1845364359214202881, 300, '0', 1, '2024-11-11 20:18:08', '2024-11-11 20:18:08');
INSERT INTO `t_currency_trade` VALUES (1855948123034210306, 1845364359214202881, 300, '0', 1, '2024-11-11 20:18:09', '2024-11-11 20:18:09');
INSERT INTO `t_currency_trade` VALUES (1855948123977928706, 1845364359214202881, 300, '0', 1, '2024-11-11 20:18:09', '2024-11-11 20:18:09');
INSERT INTO `t_currency_trade` VALUES (1855948139748511746, 1845364359214202881, 300, '0', 1, '2024-11-11 20:18:13', '2024-11-11 20:18:13');
INSERT INTO `t_currency_trade` VALUES (1855948147688329218, 1845364359214202881, 300, '0', 1, '2024-11-11 20:18:15', '2024-11-11 20:18:15');
INSERT INTO `t_currency_trade` VALUES (1855948151551283202, 1845364359214202881, 300, '0', 1, '2024-11-11 20:18:16', '2024-11-11 20:18:16');
INSERT INTO `t_currency_trade` VALUES (1855948151639363586, 1845364359214202881, 300, '0', 1, '2024-11-11 20:18:16', '2024-11-11 20:18:16');
INSERT INTO `t_currency_trade` VALUES (1855948154390827010, 1845364359214202881, 300, '0', 1, '2024-11-11 20:18:17', '2024-11-11 20:18:17');
INSERT INTO `t_currency_trade` VALUES (1855948157423308801, 1845364359214202881, 300, '0', 1, '2024-11-11 20:18:17', '2024-11-11 20:18:17');
INSERT INTO `t_currency_trade` VALUES (1855948164528459777, 1845364359214202881, 300, '0', 1, '2024-11-11 20:18:19', '2024-11-11 20:18:19');
INSERT INTO `t_currency_trade` VALUES (1855948167351226370, 1845364359214202881, 300, '0', 1, '2024-11-11 20:18:20', '2024-11-11 20:18:20');
INSERT INTO `t_currency_trade` VALUES (1855948169481932802, 1845364359214202881, 300, '0', 1, '2024-11-11 20:18:20', '2024-11-11 20:18:20');
INSERT INTO `t_currency_trade` VALUES (1855948183520268290, 1845364359214202881, 300, '0', 1, '2024-11-11 20:18:23', '2024-11-11 20:18:23');
INSERT INTO `t_currency_trade` VALUES (1855948187098009601, 1845364359214202881, 300, '0', 1, '2024-11-11 20:18:24', '2024-11-11 20:18:24');
INSERT INTO `t_currency_trade` VALUES (1855948319264722945, 1845364359214202881, -90, '0', 1, '2024-11-11 20:18:56', '2024-11-11 20:18:56');
INSERT INTO `t_currency_trade` VALUES (1855948459132178434, 1845364359214202881, -10, '0', 1, '2024-11-11 20:19:29', '2024-11-11 20:19:29');
INSERT INTO `t_currency_trade` VALUES (1855948505219190785, 1845364359214202881, -20, '0', 1, '2024-11-11 20:19:40', '2024-11-11 20:19:40');
INSERT INTO `t_currency_trade` VALUES (1855983886207651841, 1823353984983810050, -10, '0', 1, '2024-11-11 22:40:16', '2024-11-11 22:40:16');
INSERT INTO `t_currency_trade` VALUES (1856946632008945665, 1823353984983810050, -10, NULL, 1, '2024-11-14 14:26:06', '2024-11-14 14:26:06');
INSERT INTO `t_currency_trade` VALUES (1856946698429943809, 1823353984983810050, -10, NULL, 1, '2024-11-14 14:26:08', '2024-11-14 14:26:08');
INSERT INTO `t_currency_trade` VALUES (1856946731120349185, 1823353984983810050, -20, NULL, 1, '2024-11-14 14:26:15', '2024-11-14 14:26:15');
INSERT INTO `t_currency_trade` VALUES (1856946738594598913, 1823353984983810050, -90, NULL, 1, '2024-11-14 14:26:17', '2024-11-14 14:26:17');
INSERT INTO `t_currency_trade` VALUES (1857016604026482689, 1823353984983810050, -10, NULL, 1, '2024-11-14 19:03:54', '2024-11-14 19:03:54');
INSERT INTO `t_currency_trade` VALUES (1857017073478152193, 1823353984983810050, -10, NULL, 1, '2024-11-14 19:05:46', '2024-11-14 19:05:46');
INSERT INTO `t_currency_trade` VALUES (1857017104369201154, 1823353984983810050, -10, NULL, 1, '2024-11-14 19:05:54', '2024-11-14 19:05:54');
INSERT INTO `t_currency_trade` VALUES (1857017142470258689, 1823353984983810050, -10, NULL, 1, '2024-11-14 19:06:03', '2024-11-14 19:06:03');
INSERT INTO `t_currency_trade` VALUES (1857028244113469442, 1823353984983810050, -20, NULL, 1, '2024-11-14 19:50:10', '2024-11-14 19:50:10');
INSERT INTO `t_currency_trade` VALUES (1857028256549580801, 1823353984983810050, -20, NULL, 1, '2024-11-14 19:50:12', '2024-11-14 19:50:12');
INSERT INTO `t_currency_trade` VALUES (1857028289718136834, 1823353984983810050, -90, NULL, 1, '2024-11-14 19:50:20', '2024-11-14 19:50:20');
INSERT INTO `t_currency_trade` VALUES (1857028731739058178, 1823353984983810050, -90, NULL, 1, '2024-11-14 19:52:06', '2024-11-14 19:52:06');
INSERT INTO `t_currency_trade` VALUES (1857029000342286338, 1823353984983810050, -90, NULL, 1, '2024-11-14 19:53:10', '2024-11-14 19:53:10');
INSERT INTO `t_currency_trade` VALUES (1857029967322296322, 1823353984983810050, -90, NULL, 1, '2024-11-14 19:57:00', '2024-11-14 19:57:00');
INSERT INTO `t_currency_trade` VALUES (1857030287326720001, 1823353984983810050, -90, NULL, 1, '2024-11-14 19:58:17', '2024-11-14 19:58:17');
INSERT INTO `t_currency_trade` VALUES (1857030983539240962, 1823353984983810050, -90, NULL, 1, '2024-11-14 20:01:03', '2024-11-14 20:01:03');
INSERT INTO `t_currency_trade` VALUES (1857043564421197826, 1823353984983810050, -90, NULL, 1, '2024-11-14 20:51:02', '2024-11-14 20:51:02');
INSERT INTO `t_currency_trade` VALUES (1857043597602336770, 1823353984983810050, -10, NULL, 1, '2024-11-14 20:51:10', '2024-11-14 20:51:10');
INSERT INTO `t_currency_trade` VALUES (1857102551955025922, 1823353984983810050, -90, NULL, 1, '2024-11-15 00:45:26', '2024-11-15 00:45:26');
INSERT INTO `t_currency_trade` VALUES (1857102558921764866, 1823353984983810050, -20, NULL, 1, '2024-11-15 00:45:28', '2024-11-15 00:45:28');
INSERT INTO `t_currency_trade` VALUES (1857102565523599362, 1823353984983810050, -10, NULL, 1, '2024-11-15 00:45:29', '2024-11-15 00:45:29');
INSERT INTO `t_currency_trade` VALUES (1858418165617311746, 1823353984983810050, 30, '直播间充值', 1, '2024-11-18 15:53:13', '2024-11-18 15:53:13');
INSERT INTO `t_currency_trade` VALUES (1858418173292888067, 1823353984983810050, 30, '直播间充值', 1, '2024-11-18 15:53:15', '2024-11-18 15:53:15');
INSERT INTO `t_currency_trade` VALUES (1858418195589771265, 1823353984983810050, -90, NULL, 1, '2024-11-18 15:53:20', '2024-11-18 15:53:20');
INSERT INTO `t_currency_trade` VALUES (1859167725738295297, 1823353984983810050, 5, 'RED_PACKET_RECHARGE', 1, '2024-11-20 17:31:57', '2024-11-20 17:31:57');
INSERT INTO `t_currency_trade` VALUES (1859167876674519042, 1823353984983810050, 9, 'RED_PACKET_RECHARGE', 1, '2024-11-20 17:32:19', '2024-11-20 17:32:19');
INSERT INTO `t_currency_trade` VALUES (1859169788966764545, 1823353984983810050, 3, 'RED_PACKET_RECHARGE', 1, '2024-11-20 17:39:54', '2024-11-20 17:39:54');
INSERT INTO `t_currency_trade` VALUES (1859169807698526210, 1823353984983810050, 17, 'RED_PACKET_RECHARGE', 1, '2024-11-20 17:39:59', '2024-11-20 17:39:59');
INSERT INTO `t_currency_trade` VALUES (1859169970122948609, 1823353984983810050, 16, 'RED_PACKET_RECHARGE', 1, '2024-11-20 17:40:37', '2024-11-20 17:40:37');
INSERT INTO `t_currency_trade` VALUES (1859170447820619778, 1823353984983810050, 3, 'RED_PACKET_RECHARGE', 1, '2024-11-20 17:42:31', '2024-11-20 17:42:31');
INSERT INTO `t_currency_trade` VALUES (1859170468477566977, 1823353984983810050, 5, 'RED_PACKET_RECHARGE', 1, '2024-11-20 17:42:36', '2024-11-20 17:42:36');
INSERT INTO `t_currency_trade` VALUES (1859170485317697538, 1823353984983810050, 10, 'RED_PACKET_RECHARGE', 1, '2024-11-20 17:42:40', '2024-11-20 17:42:40');
INSERT INTO `t_currency_trade` VALUES (1859170499817406466, 1823353984983810050, 4, 'RED_PACKET_RECHARGE', 1, '2024-11-20 17:42:44', '2024-11-20 17:42:44');
INSERT INTO `t_currency_trade` VALUES (1859170516535902209, 1823353984983810050, 10, 'RED_PACKET_RECHARGE', 1, '2024-11-20 17:42:48', '2024-11-20 17:42:48');
INSERT INTO `t_currency_trade` VALUES (1859171707164590081, 1823353984983810050, 7, 'RED_PACKET_RECHARGE', 1, '2024-11-20 17:47:32', '2024-11-20 17:47:32');
INSERT INTO `t_currency_trade` VALUES (1859171720947073025, 1823353984983810050, 1, 'RED_PACKET_RECHARGE', 1, '2024-11-20 17:47:35', '2024-11-20 17:47:35');
INSERT INTO `t_currency_trade` VALUES (1859171733966192642, 1823353984983810050, 12, 'RED_PACKET_RECHARGE', 1, '2024-11-20 17:47:38', '2024-11-20 17:47:38');
INSERT INTO `t_currency_trade` VALUES (1859172319419727874, 1823353984983810050, 18, 'RED_PACKET_RECHARGE', 1, '2024-11-20 17:49:58', '2024-11-20 17:49:58');
INSERT INTO `t_currency_trade` VALUES (1859430515312951297, 1823353984983810050, 14, 'RED_PACKET_RECHARGE', 1, '2024-11-21 10:55:57', '2024-11-21 10:55:57');
INSERT INTO `t_currency_trade` VALUES (1859430528571146241, 1823353984983810050, 8, 'RED_PACKET_RECHARGE', 1, '2024-11-21 10:56:00', '2024-11-21 10:56:00');
INSERT INTO `t_currency_trade` VALUES (1859430542441709569, 1823353984983810050, 7, 'RED_PACKET_RECHARGE', 1, '2024-11-21 10:56:03', '2024-11-21 10:56:03');
INSERT INTO `t_currency_trade` VALUES (1859430556626845697, 1823353984983810050, 11, 'RED_PACKET_RECHARGE', 1, '2024-11-21 10:56:06', '2024-11-21 10:56:06');
INSERT INTO `t_currency_trade` VALUES (1859430570098950145, 1823353984983810050, 9, 'RED_PACKET_RECHARGE', 1, '2024-11-21 10:56:10', '2024-11-21 10:56:10');
INSERT INTO `t_currency_trade` VALUES (1859430596149772290, 1823353984983810050, 4, 'RED_PACKET_RECHARGE', 1, '2024-11-21 10:56:16', '2024-11-21 10:56:16');
INSERT INTO `t_currency_trade` VALUES (1859431048736145409, 1823353984983810050, 8, 'RED_PACKET_RECHARGE', 1, '2024-11-21 10:58:04', '2024-11-21 10:58:04');
INSERT INTO `t_currency_trade` VALUES (1859431061847539713, 1823353984983810050, 4, 'RED_PACKET_RECHARGE', 1, '2024-11-21 10:58:07', '2024-11-21 10:58:07');
INSERT INTO `t_currency_trade` VALUES (1859431076234002433, 1823353984983810050, 17, 'RED_PACKET_RECHARGE', 1, '2024-11-21 10:58:10', '2024-11-21 10:58:10');
INSERT INTO `t_currency_trade` VALUES (1859431090809208834, 1823353984983810050, 9, 'RED_PACKET_RECHARGE', 1, '2024-11-21 10:58:14', '2024-11-21 10:58:14');
INSERT INTO `t_currency_trade` VALUES (1859431103476006913, 1823353984983810050, 16, 'RED_PACKET_RECHARGE', 1, '2024-11-21 10:58:17', '2024-11-21 10:58:17');
INSERT INTO `t_currency_trade` VALUES (1859431130046922754, 1823353984983810050, 10, 'RED_PACKET_RECHARGE', 1, '2024-11-21 10:58:23', '2024-11-21 10:58:23');
INSERT INTO `t_currency_trade` VALUES (1859431159881007106, 1823353984983810050, 17, 'RED_PACKET_RECHARGE', 1, '2024-11-21 10:58:30', '2024-11-21 10:58:30');
INSERT INTO `t_currency_trade` VALUES (1859431175055998977, 1823353984983810050, 2, 'RED_PACKET_RECHARGE', 1, '2024-11-21 10:58:34', '2024-11-21 10:58:34');
INSERT INTO `t_currency_trade` VALUES (1859431197763960834, 1823353984983810050, 3, 'RED_PACKET_RECHARGE', 1, '2024-11-21 10:58:39', '2024-11-21 10:58:39');
INSERT INTO `t_currency_trade` VALUES (1859431237047812098, 1823353984983810050, 7, 'RED_PACKET_RECHARGE', 1, '2024-11-21 10:58:49', '2024-11-21 10:58:49');
INSERT INTO `t_currency_trade` VALUES (1859431265233534977, 1823353984983810050, 3, 'RED_PACKET_RECHARGE', 1, '2024-11-21 10:58:55', '2024-11-21 10:58:55');
INSERT INTO `t_currency_trade` VALUES (1859431281599709185, 1823353984983810050, 6, 'RED_PACKET_RECHARGE', 1, '2024-11-21 10:58:59', '2024-11-21 10:58:59');
INSERT INTO `t_currency_trade` VALUES (1859433042427248641, 1823353984983810050, 7, 'RED_PACKET_RECHARGE', 1, '2024-11-21 11:05:59', '2024-11-21 11:05:59');
INSERT INTO `t_currency_trade` VALUES (1859433055685443585, 1823353984983810050, 8, 'RED_PACKET_RECHARGE', 1, '2024-11-21 11:06:02', '2024-11-21 11:06:02');
INSERT INTO `t_currency_trade` VALUES (1859433070113849346, 1823353984983810050, 10, 'RED_PACKET_RECHARGE', 1, '2024-11-21 11:06:06', '2024-11-21 11:06:06');
INSERT INTO `t_currency_trade` VALUES (1859433084097658881, 1823353984983810050, 2, 'RED_PACKET_RECHARGE', 1, '2024-11-21 11:06:09', '2024-11-21 11:06:09');
INSERT INTO `t_currency_trade` VALUES (1859433102963638274, 1823353984983810050, 16, 'RED_PACKET_RECHARGE', 1, '2024-11-21 11:06:13', '2024-11-21 11:06:13');
INSERT INTO `t_currency_trade` VALUES (1859433122605563905, 1823353984983810050, 15, 'RED_PACKET_RECHARGE', 1, '2024-11-21 11:06:18', '2024-11-21 11:06:18');
INSERT INTO `t_currency_trade` VALUES (1859433144931844097, 1823353984983810050, 4, 'RED_PACKET_RECHARGE', 1, '2024-11-21 11:06:23', '2024-11-21 11:06:23');
INSERT INTO `t_currency_trade` VALUES (1859433311781257218, 1823353984983810050, 8, 'RED_PACKET_RECHARGE', 1, '2024-11-21 11:07:03', '2024-11-21 11:07:03');
INSERT INTO `t_currency_trade` VALUES (1859433325194641409, 1823353984983810050, 14, 'RED_PACKET_RECHARGE', 1, '2024-11-21 11:07:06', '2024-11-21 11:07:06');
INSERT INTO `t_currency_trade` VALUES (1859433339023261697, 1823353984983810050, 12, 'RED_PACKET_RECHARGE', 1, '2024-11-21 11:07:10', '2024-11-21 11:07:10');
INSERT INTO `t_currency_trade` VALUES (1859433353493610497, 1823353984983810050, 2, 'RED_PACKET_RECHARGE', 1, '2024-11-21 11:07:13', '2024-11-21 11:07:13');
INSERT INTO `t_currency_trade` VALUES (1859433378508439554, 1823353984983810050, 6, 'RED_PACKET_RECHARGE', 1, '2024-11-21 11:07:19', '2024-11-21 11:07:19');
INSERT INTO `t_currency_trade` VALUES (1859433842058723329, 1823353984983810050, 17, 'RED_PACKET_RECHARGE', 1, '2024-11-21 11:09:10', '2024-11-21 11:09:10');
INSERT INTO `t_currency_trade` VALUES (1859433854641635330, 1823353984983810050, 7, 'RED_PACKET_RECHARGE', 1, '2024-11-21 11:09:13', '2024-11-21 11:09:13');
INSERT INTO `t_currency_trade` VALUES (1859433881933971458, 1823353984983810050, 6, 'RED_PACKET_RECHARGE', 1, '2024-11-21 11:09:19', '2024-11-21 11:09:19');
INSERT INTO `t_currency_trade` VALUES (1859433896291074049, 1823353984983810050, 16, 'RED_PACKET_RECHARGE', 1, '2024-11-21 11:09:23', '2024-11-21 11:09:23');
INSERT INTO `t_currency_trade` VALUES (1859434025651798018, 1823353984983810050, 3, 'RED_PACKET_RECHARGE', 1, '2024-11-21 11:09:53', '2024-11-21 11:09:53');
INSERT INTO `t_currency_trade` VALUES (1859434044115124226, 1823353984983810050, 6, 'RED_PACKET_RECHARGE', 1, '2024-11-21 11:09:58', '2024-11-21 11:09:58');
INSERT INTO `t_currency_trade` VALUES (1859434057432039426, 1823353984983810050, 9, 'RED_PACKET_RECHARGE', 1, '2024-11-21 11:10:01', '2024-11-21 11:10:01');
INSERT INTO `t_currency_trade` VALUES (1859434070363078657, 1823353984983810050, 1, 'RED_PACKET_RECHARGE', 1, '2024-11-21 11:10:04', '2024-11-21 11:10:04');
INSERT INTO `t_currency_trade` VALUES (1859434084846010370, 1823353984983810050, 4, 'RED_PACKET_RECHARGE', 1, '2024-11-21 11:10:08', '2024-11-21 11:10:08');
INSERT INTO `t_currency_trade` VALUES (1859434856295956482, 1823353984983810050, 15, 'RED_PACKET_RECHARGE', 1, '2024-11-21 11:13:12', '2024-11-21 11:13:12');
INSERT INTO `t_currency_trade` VALUES (1859434869709340673, 1823353984983810050, 17, 'RED_PACKET_RECHARGE', 1, '2024-11-21 11:13:15', '2024-11-21 11:13:15');
INSERT INTO `t_currency_trade` VALUES (1859434883370188802, 1823353984983810050, 17, 'RED_PACKET_RECHARGE', 1, '2024-11-21 11:13:18', '2024-11-21 11:13:18');
INSERT INTO `t_currency_trade` VALUES (1859434898150916098, 1823353984983810050, 10, 'RED_PACKET_RECHARGE', 1, '2024-11-21 11:13:21', '2024-11-21 11:13:21');
INSERT INTO `t_currency_trade` VALUES (1859434910784159745, 1823353984983810050, 13, 'RED_PACKET_RECHARGE', 1, '2024-11-21 11:13:24', '2024-11-21 11:13:24');
INSERT INTO `t_currency_trade` VALUES (1859434924138823681, 1823353984983810050, 11, 'RED_PACKET_RECHARGE', 1, '2024-11-21 11:13:28', '2024-11-21 11:13:28');
INSERT INTO `t_currency_trade` VALUES (1859435452017147906, 1823353984983810050, 7, 'RED_PACKET_RECHARGE', 1, '2024-11-21 11:15:34', '2024-11-21 11:15:34');
INSERT INTO `t_currency_trade` VALUES (1859435466642685953, 1823353984983810050, 7, 'RED_PACKET_RECHARGE', 1, '2024-11-21 11:15:37', '2024-11-21 11:15:37');
INSERT INTO `t_currency_trade` VALUES (1859435479284318209, 1823353984983810050, 2, 'RED_PACKET_RECHARGE', 1, '2024-11-21 11:15:40', '2024-11-21 11:15:40');
INSERT INTO `t_currency_trade` VALUES (1859435491988865026, 1823353984983810050, 1, 'RED_PACKET_RECHARGE', 1, '2024-11-21 11:15:43', '2024-11-21 11:15:43');
INSERT INTO `t_currency_trade` VALUES (1859435508430536706, 1823353984983810050, 16, 'RED_PACKET_RECHARGE', 1, '2024-11-21 11:15:47', '2024-11-21 11:15:47');
INSERT INTO `t_currency_trade` VALUES (1859435652458741762, 1823353984983810050, 11, 'RED_PACKET_RECHARGE', 1, '2024-11-21 11:16:21', '2024-11-21 11:16:21');
INSERT INTO `t_currency_trade` VALUES (1859435667658899457, 1823353984983810050, 12, 'RED_PACKET_RECHARGE', 1, '2024-11-21 11:16:25', '2024-11-21 11:16:25');
INSERT INTO `t_currency_trade` VALUES (1859435714328920065, 1823353984983810050, 14, 'RED_PACKET_RECHARGE', 1, '2024-11-21 11:16:36', '2024-11-21 11:16:36');
INSERT INTO `t_currency_trade` VALUES (1859435896533680130, 1823353984983810050, 1, 'RED_PACKET_RECHARGE', 1, '2024-11-21 11:17:19', '2024-11-21 11:17:19');
INSERT INTO `t_currency_trade` VALUES (1859438461656760322, 1823353984983810050, 10, 'RED_PACKET_RECHARGE', 1, '2024-11-21 11:27:31', '2024-11-21 11:27:31');
INSERT INTO `t_currency_trade` VALUES (1859438474508107777, 1823353984983810050, 10, 'RED_PACKET_RECHARGE', 1, '2024-11-21 11:27:34', '2024-11-21 11:27:34');
INSERT INTO `t_currency_trade` VALUES (1859438487925686274, 1823353984983810050, 19, 'RED_PACKET_RECHARGE', 1, '2024-11-21 11:27:37', '2024-11-21 11:27:37');
INSERT INTO `t_currency_trade` VALUES (1859438517696856065, 1823353984983810050, 2, 'RED_PACKET_RECHARGE', 1, '2024-11-21 11:27:44', '2024-11-21 11:27:44');
INSERT INTO `t_currency_trade` VALUES (1859438919175634945, 1823353984983810050, 1, 'RED_PACKET_RECHARGE', 1, '2024-11-21 11:29:20', '2024-11-21 11:29:20');
INSERT INTO `t_currency_trade` VALUES (1859438932157005825, 1823353984983810050, 11, 'RED_PACKET_RECHARGE', 1, '2024-11-21 11:29:23', '2024-11-21 11:29:23');
INSERT INTO `t_currency_trade` VALUES (1859438944932855809, 1823353984983810050, 1, 'RED_PACKET_RECHARGE', 1, '2024-11-21 11:29:26', '2024-11-21 11:29:26');
INSERT INTO `t_currency_trade` VALUES (1859438958308491266, 1823353984983810050, 9, 'RED_PACKET_RECHARGE', 1, '2024-11-21 11:29:29', '2024-11-21 11:29:29');
INSERT INTO `t_currency_trade` VALUES (1859439290241515522, 1823353984983810050, 15, 'RED_PACKET_RECHARGE', 1, '2024-11-21 11:30:49', '2024-11-21 11:30:49');
INSERT INTO `t_currency_trade` VALUES (1859439303361298434, 1823353984983810050, 10, 'RED_PACKET_RECHARGE', 1, '2024-11-21 11:30:52', '2024-11-21 11:30:52');
INSERT INTO `t_currency_trade` VALUES (1859439317072478209, 1823353984983810050, 15, 'RED_PACKET_RECHARGE', 1, '2024-11-21 11:30:55', '2024-11-21 11:30:55');
INSERT INTO `t_currency_trade` VALUES (1859439332830478337, 1823353984983810050, 3, 'RED_PACKET_RECHARGE', 1, '2024-11-21 11:30:59', '2024-11-21 11:30:59');
INSERT INTO `t_currency_trade` VALUES (1859440695329161218, 1823353984983810050, 6, 'RED_PACKET_RECHARGE', 1, '2024-11-21 11:36:24', '2024-11-21 11:36:24');
INSERT INTO `t_currency_trade` VALUES (1859440708511858689, 1823353984983810050, 16, 'RED_PACKET_RECHARGE', 1, '2024-11-21 11:36:27', '2024-11-21 11:36:27');
INSERT INTO `t_currency_trade` VALUES (1859440723158368258, 1823353984983810050, 8, 'RED_PACKET_RECHARGE', 1, '2024-11-21 11:36:30', '2024-11-21 11:36:30');
INSERT INTO `t_currency_trade` VALUES (1859441075467321346, 1823353984983810050, 15, 'RED_PACKET_RECHARGE', 1, '2024-11-21 11:37:54', '2024-11-21 11:37:54');
INSERT INTO `t_currency_trade` VALUES (1859441088675184642, 1823353984983810050, 17, 'RED_PACKET_RECHARGE', 1, '2024-11-21 11:37:57', '2024-11-21 11:37:57');
INSERT INTO `t_currency_trade` VALUES (1859441102134706178, 1823353984983810050, 5, 'RED_PACKET_RECHARGE', 1, '2024-11-21 11:38:01', '2024-11-21 11:38:01');
INSERT INTO `t_currency_trade` VALUES (1859441114717618177, 1823353984983810050, 11, 'RED_PACKET_RECHARGE', 1, '2024-11-21 11:38:04', '2024-11-21 11:38:04');
INSERT INTO `t_currency_trade` VALUES (1859441127413776385, 1823353984983810050, 1, 'RED_PACKET_RECHARGE', 1, '2024-11-21 11:38:07', '2024-11-21 11:38:07');
INSERT INTO `t_currency_trade` VALUES (1859441140827160578, 1823353984983810050, 6, 'RED_PACKET_RECHARGE', 1, '2024-11-21 11:38:10', '2024-11-21 11:38:10');
INSERT INTO `t_currency_trade` VALUES (1859441799450329090, 1823353984983810050, 1, 'RED_PACKET_RECHARGE', 1, '2024-11-21 11:40:47', '2024-11-21 11:40:47');
INSERT INTO `t_currency_trade` VALUES (1859441814067478530, 1823353984983810050, 10, 'RED_PACKET_RECHARGE', 1, '2024-11-21 11:40:50', '2024-11-21 11:40:50');
INSERT INTO `t_currency_trade` VALUES (1859441827657023490, 1823353984983810050, 16, 'RED_PACKET_RECHARGE', 1, '2024-11-21 11:40:54', '2024-11-21 11:40:54');
INSERT INTO `t_currency_trade` VALUES (1859441841972183042, 1823353984983810050, 4, 'RED_PACKET_RECHARGE', 1, '2024-11-21 11:40:57', '2024-11-21 11:40:57');
INSERT INTO `t_currency_trade` VALUES (1859452334388543490, 1823353984983810050, 6, 'RED_PACKET_RECHARGE', 1, '2024-11-21 12:22:39', '2024-11-21 12:22:39');
INSERT INTO `t_currency_trade` VALUES (1859452350675025922, 1823353984983810050, 19, 'RED_PACKET_RECHARGE', 1, '2024-11-21 12:22:42', '2024-11-21 12:22:42');
INSERT INTO `t_currency_trade` VALUES (1859452363983552514, 1823353984983810050, 2, 'RED_PACKET_RECHARGE', 1, '2024-11-21 12:22:46', '2024-11-21 12:22:46');
INSERT INTO `t_currency_trade` VALUES (1859452391233945602, 1823353984983810050, 12, 'RED_PACKET_RECHARGE', 1, '2024-11-21 12:22:52', '2024-11-21 12:22:52');
INSERT INTO `t_currency_trade` VALUES (1859452405012234242, 1823353984983810050, 10, 'RED_PACKET_RECHARGE', 1, '2024-11-21 12:22:55', '2024-11-21 12:22:55');
INSERT INTO `t_currency_trade` VALUES (1859452419193176066, 1823353984983810050, 16, 'RED_PACKET_RECHARGE', 1, '2024-11-21 12:22:59', '2024-11-21 12:22:59');
INSERT INTO `t_currency_trade` VALUES (1859452433785159682, 1823353984983810050, 16, 'RED_PACKET_RECHARGE', 1, '2024-11-21 12:23:02', '2024-11-21 12:23:02');
INSERT INTO `t_currency_trade` VALUES (1859474301158162434, 1823353984983810050, 8, 'RED_PACKET_RECHARGE', 1, '2024-11-21 13:49:56', '2024-11-21 13:49:56');
INSERT INTO `t_currency_trade` VALUES (1859474314588323842, 1823353984983810050, 17, 'RED_PACKET_RECHARGE', 1, '2024-11-21 13:49:59', '2024-11-21 13:49:59');
INSERT INTO `t_currency_trade` VALUES (1859474329138364418, 1823353984983810050, 10, 'RED_PACKET_RECHARGE', 1, '2024-11-21 13:50:03', '2024-11-21 13:50:03');
INSERT INTO `t_currency_trade` VALUES (1859474343491272705, 1823353984983810050, 5, 'RED_PACKET_RECHARGE', 1, '2024-11-21 13:50:06', '2024-11-21 13:50:06');
INSERT INTO `t_currency_trade` VALUES (1859474359597400066, 1823353984983810050, 3, 'RED_PACKET_RECHARGE', 1, '2024-11-21 13:50:10', '2024-11-21 13:50:10');
INSERT INTO `t_currency_trade` VALUES (1859474374919192577, 1823353984983810050, 14, 'RED_PACKET_RECHARGE', 1, '2024-11-21 13:50:13', '2024-11-21 13:50:13');
INSERT INTO `t_currency_trade` VALUES (1859477298877562881, 1823353984983810050, 4, 'RED_PACKET_RECHARGE', 1, '2024-11-21 14:01:51', '2024-11-21 14:01:51');
INSERT INTO `t_currency_trade` VALUES (1859803369380511746, 1823353984983810050, 8, 'RED_PACKET_RECHARGE', 1, '2024-11-22 11:37:31', '2024-11-22 11:37:31');
INSERT INTO `t_currency_trade` VALUES (1859803382684844034, 1823353984983810050, 19, 'RED_PACKET_RECHARGE', 1, '2024-11-22 11:37:34', '2024-11-22 11:37:34');
INSERT INTO `t_currency_trade` VALUES (1859803397650120705, 1823353984983810050, 5, 'RED_PACKET_RECHARGE', 1, '2024-11-22 11:37:38', '2024-11-22 11:37:38');
INSERT INTO `t_currency_trade` VALUES (1859803416696455169, 1823353984983810050, 8, 'RED_PACKET_RECHARGE', 1, '2024-11-22 11:37:42', '2024-11-22 11:37:42');
INSERT INTO `t_currency_trade` VALUES (1859803440713039873, 1823353984983810050, 12, 'RED_PACKET_RECHARGE', 1, '2024-11-22 11:37:48', '2024-11-22 11:37:48');
INSERT INTO `t_currency_trade` VALUES (1860336291865477121, 1845364359214202881, -10, NULL, 1, '2024-11-23 22:55:26', '2024-11-23 22:55:26');
INSERT INTO `t_currency_trade` VALUES (1860336328871821313, 1845364359214202881, -10, NULL, 1, '2024-11-23 22:55:25', '2024-11-23 22:55:25');
INSERT INTO `t_currency_trade` VALUES (1860337653231697921, 1845364359214202881, -10, NULL, 1, '2024-11-23 23:00:36', '2024-11-23 23:00:36');
INSERT INTO `t_currency_trade` VALUES (1860337719266820097, 1845364359214202881, -20, NULL, 1, '2024-11-23 23:00:52', '2024-11-23 23:00:52');
INSERT INTO `t_currency_trade` VALUES (1860337757560815617, 1845364359214202881, -10, NULL, 1, '2024-11-23 23:01:00', '2024-11-23 23:01:00');
INSERT INTO `t_currency_trade` VALUES (1860337787390705666, 1845364359214202881, -90, NULL, 1, '2024-11-23 23:01:08', '2024-11-23 23:01:08');
INSERT INTO `t_currency_trade` VALUES (1860337857578188802, 1845364359214202881, -90, NULL, 1, '2024-11-23 23:01:24', '2024-11-23 23:01:24');
INSERT INTO `t_currency_trade` VALUES (1860380393412792322, 1845364359214202881, -90, NULL, 1, '2024-11-24 01:50:26', '2024-11-24 01:50:26');
INSERT INTO `t_currency_trade` VALUES (1860380417098027009, 1845364359214202881, -20, NULL, 1, '2024-11-24 01:50:31', '2024-11-24 01:50:31');
INSERT INTO `t_currency_trade` VALUES (1860380446009364481, 1845364359214202881, -10, NULL, 1, '2024-11-24 01:50:38', '2024-11-24 01:50:38');
INSERT INTO `t_currency_trade` VALUES (1860381160295141378, 1845364359214202881, -90, NULL, 1, '2024-11-24 01:53:28', '2024-11-24 01:53:28');
INSERT INTO `t_currency_trade` VALUES (1860697249368518657, 1845364359214202881, -10, NULL, 1, '2024-11-24 22:49:31', '2024-11-24 22:49:31');
INSERT INTO `t_currency_trade` VALUES (1860697290443337730, 1845364359214202881, -90, NULL, 1, '2024-11-24 22:49:41', '2024-11-24 22:49:41');
INSERT INTO `t_currency_trade` VALUES (1860698675452850177, 1845364359214202881, -10, NULL, 1, '2024-11-24 22:55:12', '2024-11-24 22:55:12');
INSERT INTO `t_currency_trade` VALUES (1860700380890411009, 1845364359214202881, -90, NULL, 1, '2024-11-24 23:01:58', '2024-11-24 23:01:58');
INSERT INTO `t_currency_trade` VALUES (1860700381079154690, 1845364359214202881, -90, NULL, 1, '2024-11-24 23:01:57', '2024-11-24 23:01:57');
INSERT INTO `t_currency_trade` VALUES (1860700416093204481, 1845364359214202881, -90, NULL, 1, '2024-11-24 23:02:06', '2024-11-24 23:02:06');
INSERT INTO `t_currency_trade` VALUES (1860700438071357442, 1845364359214202881, -10, NULL, 1, '2024-11-24 23:02:11', '2024-11-24 23:02:11');
INSERT INTO `t_currency_trade` VALUES (1861050072438489090, 1845364359214202881, -90, NULL, 1, '2024-11-25 22:11:36', '2024-11-25 22:11:36');
INSERT INTO `t_currency_trade` VALUES (1861050128596025345, 1845364359214202881, -90, NULL, 1, '2024-11-25 22:11:44', '2024-11-25 22:11:44');
INSERT INTO `t_currency_trade` VALUES (1861050134677766146, 1845364359214202881, -90, NULL, 1, '2024-11-25 22:11:46', '2024-11-25 22:11:46');
INSERT INTO `t_currency_trade` VALUES (1861050200549310465, 1845364359214202881, -10, NULL, 1, '2024-11-25 22:12:01', '2024-11-25 22:12:01');
INSERT INTO `t_currency_trade` VALUES (1861050296594677762, 1845364359214202881, -90, NULL, 1, '2024-11-25 22:12:24', '2024-11-25 22:12:24');
INSERT INTO `t_currency_trade` VALUES (1865023936471764993, 1823353984983810050, -100, 'LIVING_ROOM_SHOP', 1, '2024-12-06 21:22:12', '2024-12-06 21:22:12');
INSERT INTO `t_currency_trade` VALUES (1865216579625574401, 1823353984983810050, -50, 'LIVING_ROOM_SHOP', 1, '2024-12-07 10:07:42', '2024-12-07 10:07:42');

-- ----------------------------
-- Table structure for t_pay_order
-- ----------------------------
DROP TABLE IF EXISTS `t_pay_order`;
CREATE TABLE `t_pay_order`  (
  `id` bigint UNSIGNED NOT NULL AUTO_INCREMENT,
  `order_id` varchar(60) CHARACTER SET utf8mb4 COLLATE utf8mb4_0900_ai_ci NOT NULL COMMENT '订单id',
  `product_id` int UNSIGNED NOT NULL COMMENT '产品id',
  `status` tinyint UNSIGNED NOT NULL DEFAULT 0 COMMENT '状态（0待支付,1支付中,2已支付,3撤销,4无效）',
  `user_id` bigint UNSIGNED NOT NULL COMMENT '用户id',
  `pay_channel` tinyint UNSIGNED NULL DEFAULT NULL COMMENT '支付渠道（0支付宝 1微信 2银联 3收银台）',
  `source` tinyint UNSIGNED NULL DEFAULT NULL COMMENT '来源',
  `pay_time` datetime NULL DEFAULT NULL COMMENT '支付成功时间（以回调处理为准）',
  `price` bigint NOT NULL COMMENT '订单金额',
  `trade_type` varchar(255) CHARACTER SET utf8mb4 COLLATE utf8mb4_0900_ai_ci NULL DEFAULT NULL,
  `trade_id` bigint NULL DEFAULT NULL,
  `create_time` datetime NOT NULL DEFAULT CURRENT_TIMESTAMP COMMENT '创建时间',
  `update_time` datetime NOT NULL DEFAULT CURRENT_TIMESTAMP ON UPDATE CURRENT_TIMESTAMP COMMENT '更新时间',
  PRIMARY KEY (`id`) USING BTREE,
  UNIQUE INDEX `uk_order_id`(`order_id` ASC) USING BTREE
) ENGINE = InnoDB AUTO_INCREMENT = 1858418173301276674 CHARACTER SET = utf8mb4 COLLATE = utf8mb4_0900_ai_ci ROW_FORMAT = Dynamic;

-- ----------------------------
-- Records of t_pay_order
-- ----------------------------
INSERT INTO `t_pay_order` VALUES (1848605599263170561, '06a117bc-4ee3-446b-b09e-4cedc751a150', 1, 1, 1823353984983810050, 1, 1, NULL, 0, NULL, NULL, '2024-10-22 14:01:35', '2024-10-22 14:01:35');
INSERT INTO `t_pay_order` VALUES (1853052492330303489, '099f1e39-8696-47a8-8543-6f0288704608', 1, 1, 1823353984983810050, 1, 1, NULL, 0, NULL, NULL, '2024-11-03 20:31:56', '2024-11-03 20:31:56');
INSERT INTO `t_pay_order` VALUES (1853052511657656322, '55be8b5c-012f-447d-a83d-829e31139dea', 1, 1, 1823353984983810050, 1, 1, NULL, 0, NULL, NULL, '2024-11-03 20:32:00', '2024-11-03 20:32:00');
INSERT INTO `t_pay_order` VALUES (1853052526811676673, 'b9c1aa03-8cd7-4e85-a02e-e8d668fff0a4', 1, 1, 1823353984983810050, 1, 1, NULL, 0, NULL, NULL, '2024-11-03 20:32:04', '2024-11-03 20:32:04');
INSERT INTO `t_pay_order` VALUES (1853052551209943041, 'c0767794-b6a9-4c72-b72d-03c30c534539', 1, 1, 1823353984983810050, 1, 1, NULL, 0, NULL, NULL, '2024-11-03 20:32:10', '2024-11-03 20:32:10');
INSERT INTO `t_pay_order` VALUES (1853052907134386177, '12682e26-01c4-4aa8-95de-1264a7bf1d39', 1, 1, 1823353984983810050, 1, 1, NULL, 0, NULL, NULL, '2024-11-03 20:33:35', '2024-11-03 20:33:35');
INSERT INTO `t_pay_order` VALUES (1853053236500496385, 'd6e50eba-fe38-4838-9912-f9e279068802', 1, 2, 1823353984983810050, 1, 1, NULL, 0, NULL, NULL, '2024-11-03 20:34:53', '2024-11-03 20:34:53');
INSERT INTO `t_pay_order` VALUES (1853053435964817410, '41873f4f-b1f8-4729-bf59-be03b7dc6643', 1, 2, 1823353984983810050, 1, 1, NULL, 0, NULL, NULL, '2024-11-03 20:35:41', '2024-11-03 20:35:41');
INSERT INTO `t_pay_order` VALUES (1853053484446777345, 'cfb3a3bb-81e1-4b81-bb26-8435a7554d38', 1, 2, 1823353984983810050, 1, 1, NULL, 0, NULL, NULL, '2024-11-03 20:35:52', '2024-11-03 20:35:52');
INSERT INTO `t_pay_order` VALUES (1853053557360558081, 'f899f1f4-b23c-475a-ad01-328d797e6d80', 1, 2, 1823353984983810050, 1, 1, NULL, 0, NULL, NULL, '2024-11-03 20:36:10', '2024-11-03 20:36:10');
INSERT INTO `t_pay_order` VALUES (1853053557423472642, '5be79ce0-170e-418d-a7c2-a852a922fa44', 1, 2, 1823353984983810050, 1, 1, NULL, 0, NULL, NULL, '2024-11-03 20:36:10', '2024-11-03 20:36:26');
INSERT INTO `t_pay_order` VALUES (1853053701065801729, '9e573200-990d-4053-8dd4-0b192b2267de', 1, 2, 1823353984983810050, 1, 1, NULL, 0, NULL, NULL, '2024-11-03 20:36:44', '2024-11-03 20:36:44');
INSERT INTO `t_pay_order` VALUES (1853053746150375426, '32ab1397-0735-4aa8-8e08-304a8eaed107', 1, 2, 1823353984983810050, 1, 1, NULL, 0, NULL, NULL, '2024-11-03 20:36:55', '2024-11-03 20:36:55');
INSERT INTO `t_pay_order` VALUES (1853053749396766722, 'fb166ef2-9e9c-48af-aa58-e056e4ae4f36', 1, 2, 1823353984983810050, 1, 1, NULL, 0, NULL, NULL, '2024-11-03 20:36:55', '2024-11-03 20:36:55');
INSERT INTO `t_pay_order` VALUES (1853053751753965569, '5df2f2b6-7260-4a14-9f06-0f4754966f21', 1, 2, 1823353984983810050, 1, 1, NULL, 0, NULL, NULL, '2024-11-03 20:36:56', '2024-11-03 20:36:56');
INSERT INTO `t_pay_order` VALUES (1853053754555760641, 'cd808299-6426-4b88-b321-42a8b5ff2a97', 1, 2, 1823353984983810050, 1, 1, NULL, 0, NULL, NULL, '2024-11-03 20:36:57', '2024-11-03 20:36:57');
INSERT INTO `t_pay_order` VALUES (1853053762151645186, 'e1e04d57-9fcd-4788-b09e-5123930567ff', 1, 2, 1823353984983810050, 1, 1, NULL, 0, NULL, NULL, '2024-11-03 20:36:58', '2024-11-03 20:36:58');
INSERT INTO `t_pay_order` VALUES (1853053765616140289, '33e19778-4602-4817-b9f7-a99a37f51bcf', 1, 2, 1823353984983810050, 1, 1, NULL, 0, NULL, NULL, '2024-11-03 20:36:59', '2024-11-03 20:36:59');
INSERT INTO `t_pay_order` VALUES (1853053768766062593, 'e3972d12-597e-40bc-9f87-90944ed15e57', 1, 2, 1823353984983810050, 1, 1, NULL, 0, NULL, NULL, '2024-11-03 20:37:00', '2024-11-03 20:37:00');
INSERT INTO `t_pay_order` VALUES (1853061768989917186, '2bf48dc5-cef2-4b20-912b-7e286963b875', 1, 2, 1823353984983810050, 1, 1, NULL, 0, NULL, NULL, '2024-11-03 21:08:47', '2024-11-03 21:08:48');
INSERT INTO `t_pay_order` VALUES (1853061777613406210, '74c099cc-6af2-45d5-a1f2-601b2882a923', 1, 2, 1823353984983810050, 1, 1, NULL, 0, NULL, NULL, '2024-11-03 21:08:49', '2024-11-03 21:08:49');
INSERT INTO `t_pay_order` VALUES (1853061780335509506, '7cbdc6de-4cc1-4f45-93e7-47086dd034af', 1, 2, 1823353984983810050, 1, 1, NULL, 0, NULL, NULL, '2024-11-03 21:08:50', '2024-11-03 21:08:50');
INSERT INTO `t_pay_order` VALUES (1853061781212119041, 'c07c9838-7bea-424c-b2cb-fae91f0377e4', 1, 2, 1823353984983810050, 1, 1, NULL, 0, NULL, NULL, '2024-11-03 21:08:50', '2024-11-03 21:08:50');
INSERT INTO `t_pay_order` VALUES (1853061786119454721, '1b9fba95-f08d-49e4-a42a-55c68bb26c3f', 1, 2, 1823353984983810050, 1, 1, NULL, 0, NULL, NULL, '2024-11-03 21:08:51', '2024-11-03 21:08:52');
INSERT INTO `t_pay_order` VALUES (1853061786970898433, 'ea57fa24-58ae-4737-94e2-95a363f42cc8', 1, 2, 1823353984983810050, 1, 1, NULL, 0, NULL, NULL, '2024-11-03 21:08:52', '2024-11-03 21:08:52');
INSERT INTO `t_pay_order` VALUES (1853641546235138049, '8214de40-b4a9-4cf4-b102-04f972673182', 1, 2, 1845364359214202881, 1, 1, NULL, 0, NULL, NULL, '2024-11-05 11:32:38', '2024-11-05 11:32:38');
INSERT INTO `t_pay_order` VALUES (1853641550043566081, '158efea8-0fce-4c61-b5a1-92c3c274f8d0', 1, 2, 1845364359214202881, 1, 1, NULL, 0, NULL, NULL, '2024-11-05 11:32:39', '2024-11-05 11:32:39');
INSERT INTO `t_pay_order` VALUES (1853641550664323074, '6b110f8b-4b58-461e-9f1b-1ddfa942a6eb', 1, 2, 1845364359214202881, 1, 1, NULL, 0, NULL, NULL, '2024-11-05 11:32:39', '2024-11-05 11:32:39');
INSERT INTO `t_pay_order` VALUES (1853641551331217409, '919fd978-0482-4cef-b458-c28fdeb55ef7', 1, 2, 1845364359214202881, 1, 1, NULL, 0, NULL, NULL, '2024-11-05 11:32:39', '2024-11-05 11:32:39');
INSERT INTO `t_pay_order` VALUES (1853641552929247234, '59f15ede-4302-4f9c-b426-37db17395945', 1, 2, 1845364359214202881, 1, 1, NULL, 0, NULL, NULL, '2024-11-05 11:32:39', '2024-11-05 11:32:39');
INSERT INTO `t_pay_order` VALUES (1853641553583558658, '29e72065-743e-40c8-8852-cc528569e2d5', 1, 2, 1845364359214202881, 1, 1, NULL, 0, NULL, NULL, '2024-11-05 11:32:39', '2024-11-05 11:32:39');
INSERT INTO `t_pay_order` VALUES (1853641554342727681, 'a6c97758-2de2-4cd2-aed0-93c65c2ad705', 1, 2, 1845364359214202881, 1, 1, NULL, 0, NULL, NULL, '2024-11-05 11:32:40', '2024-11-05 11:32:40');
INSERT INTO `t_pay_order` VALUES (1853641555122868226, '29590315-ce4b-4c86-912c-755c775b6a11', 1, 2, 1845364359214202881, 1, 1, NULL, 0, NULL, NULL, '2024-11-05 11:32:40', '2024-11-05 11:32:40');
INSERT INTO `t_pay_order` VALUES (1853641558046298114, '7118161a-ee91-4b85-a8b7-6ce3f2381f7a', 1, 2, 1845364359214202881, 1, 1, NULL, 0, NULL, NULL, '2024-11-05 11:32:40', '2024-11-05 11:32:40');
INSERT INTO `t_pay_order` VALUES (1853641559187148802, '2abecc1c-f044-46b4-a357-395efbc63e5d', 1, 2, 1845364359214202881, 1, 1, NULL, 0, NULL, NULL, '2024-11-05 11:32:41', '2024-11-05 11:32:41');
INSERT INTO `t_pay_order` VALUES (1855877529823457281, 'af59c426-91c0-4058-a1b2-52f99f1c2a08', 1, 2, 1823353984983810050, 1, 1, NULL, 0, NULL, NULL, '2024-11-11 15:37:38', '2024-11-11 15:37:38');
INSERT INTO `t_pay_order` VALUES (1855948102352097281, 'f5ae0bcc-8bcc-4a37-8d6a-8418f59f7ecc', 1, 2, 1845364359214202881, 1, 1, NULL, 0, NULL, NULL, '2024-11-11 20:18:04', '2024-11-11 20:18:04');
INSERT INTO `t_pay_order` VALUES (1855948103270649857, 'ffa17019-ec67-4323-9c94-17103a723f45', 1, 2, 1845364359214202881, 1, 1, NULL, 0, NULL, NULL, '2024-11-11 20:18:04', '2024-11-11 20:18:04');
INSERT INTO `t_pay_order` VALUES (1855948106756116482, '0a528655-602d-45f8-9786-09f50752d6db', 1, 2, 1845364359214202881, 1, 1, NULL, 0, NULL, NULL, '2024-11-11 20:18:05', '2024-11-11 20:18:05');
INSERT INTO `t_pay_order` VALUES (1855948107716612097, 'd6150dc3-89e3-4660-85bb-b11f4eec3254', 1, 2, 1845364359214202881, 1, 1, NULL, 0, NULL, NULL, '2024-11-11 20:18:05', '2024-11-11 20:18:05');
INSERT INTO `t_pay_order` VALUES (1855948109474025473, 'acbffcd3-8a85-4217-9d3d-b136ac2b52c3', 1, 2, 1845364359214202881, 1, 1, NULL, 0, NULL, NULL, '2024-11-11 20:18:06', '2024-11-11 20:18:06');
INSERT INTO `t_pay_order` VALUES (1855948110417743873, '75a6c897-76e0-4961-8079-29992927b054', 1, 2, 1845364359214202881, 1, 1, NULL, 0, NULL, NULL, '2024-11-11 20:18:06', '2024-11-11 20:18:06');
INSERT INTO `t_pay_order` VALUES (1855948111206273025, '799f5805-48de-4645-b630-e6925a7ace5e', 1, 2, 1845364359214202881, 1, 1, NULL, 0, NULL, NULL, '2024-11-11 20:18:06', '2024-11-11 20:18:06');
INSERT INTO `t_pay_order` VALUES (1855948111978024961, '6e58ce59-f2a0-46d0-9e13-d43e18b58f38', 1, 2, 1845364359214202881, 1, 1, NULL, 0, NULL, NULL, '2024-11-11 20:18:06', '2024-11-11 20:18:06');
INSERT INTO `t_pay_order` VALUES (1855948112942714881, 'd46584bf-e9b7-42b8-a97f-aff510ffdd70', 1, 2, 1845364359214202881, 1, 1, NULL, 0, NULL, NULL, '2024-11-11 20:18:07', '2024-11-11 20:18:07');
INSERT INTO `t_pay_order` VALUES (1855948113722855426, '6602603d-c49a-43d0-a9df-0b99e8ab1942', 1, 2, 1845364359214202881, 1, 1, NULL, 0, NULL, NULL, '2024-11-11 20:18:07', '2024-11-11 20:18:07');
INSERT INTO `t_pay_order` VALUES (1855948114528161794, 'ffbcc6f9-982e-4bd1-8707-42a5e0aaf414', 1, 2, 1845364359214202881, 1, 1, NULL, 0, NULL, NULL, '2024-11-11 20:18:07', '2024-11-11 20:18:07');
INSERT INTO `t_pay_order` VALUES (1855948115241193473, '29f839f2-edce-4343-91d7-70b818816684', 1, 2, 1845364359214202881, 1, 1, NULL, 0, NULL, NULL, '2024-11-11 20:18:07', '2024-11-11 20:18:07');
INSERT INTO `t_pay_order` VALUES (1855948116071665666, 'd1183b27-9b20-459f-9a15-e1e47c58f955', 1, 2, 1845364359214202881, 1, 1, NULL, 0, NULL, NULL, '2024-11-11 20:18:07', '2024-11-11 20:18:07');
INSERT INTO `t_pay_order` VALUES (1855948119510994946, '1c1e3676-3c38-4569-b488-546da256b831', 1, 2, 1845364359214202881, 1, 1, NULL, 0, NULL, NULL, '2024-11-11 20:18:08', '2024-11-11 20:18:08');
INSERT INTO `t_pay_order` VALUES (1855948122887409665, '151c35c5-a79f-45fc-a704-ef241b2dc399', 1, 2, 1845364359214202881, 1, 1, NULL, 0, NULL, NULL, '2024-11-11 20:18:09', '2024-11-11 20:18:09');
INSERT INTO `t_pay_order` VALUES (1855948123747241985, '63eb4c81-7aaa-4f0b-a011-27fd853c9461', 1, 2, 1845364359214202881, 1, 1, NULL, 0, NULL, NULL, '2024-11-11 20:18:09', '2024-11-11 20:18:09');
INSERT INTO `t_pay_order` VALUES (1855948139610099713, '93840014-f300-4c25-b3f5-59dbeaeb7589', 1, 2, 1845364359214202881, 1, 1, NULL, 0, NULL, NULL, '2024-11-11 20:18:13', '2024-11-11 20:18:13');
INSERT INTO `t_pay_order` VALUES (1855948147554111489, 'ddef2295-d8d2-4551-a33d-78b92f520f3c', 1, 2, 1845364359214202881, 1, 1, NULL, 0, NULL, NULL, '2024-11-11 20:18:15', '2024-11-11 20:18:15');
INSERT INTO `t_pay_order` VALUES (1855948150704033793, '63ca0b51-08dd-491a-b9a9-9a7492551d06', 1, 2, 1845364359214202881, 1, 1, NULL, 0, NULL, NULL, '2024-11-11 20:18:16', '2024-11-11 20:18:16');
INSERT INTO `t_pay_order` VALUES (1855948151488368642, 'c68cfd26-4028-4fdd-a8cd-98047a986440', 1, 2, 1845364359214202881, 1, 1, NULL, 0, NULL, NULL, '2024-11-11 20:18:16', '2024-11-11 20:18:16');
INSERT INTO `t_pay_order` VALUES (1855948154260803585, 'b7353d89-bda7-4abc-8be8-e4ef60969fd4', 1, 2, 1845364359214202881, 1, 1, NULL, 0, NULL, NULL, '2024-11-11 20:18:16', '2024-11-11 20:18:16');
INSERT INTO `t_pay_order` VALUES (1855948157301673986, '7f9b8408-8072-4b0f-b911-85f18792e510', 1, 2, 1845364359214202881, 1, 1, NULL, 0, NULL, NULL, '2024-11-11 20:18:17', '2024-11-11 20:18:17');
INSERT INTO `t_pay_order` VALUES (1855948164402630657, '51f396b4-4a93-41c2-8a1c-b00e645ff95c', 1, 2, 1845364359214202881, 1, 1, NULL, 0, NULL, NULL, '2024-11-11 20:18:19', '2024-11-11 20:18:19');
INSERT INTO `t_pay_order` VALUES (1855948167204425729, '32a9c6d4-7a58-435a-ade1-398430e16882', 1, 2, 1845364359214202881, 1, 1, NULL, 0, NULL, NULL, '2024-11-11 20:18:20', '2024-11-11 20:18:20');
INSERT INTO `t_pay_order` VALUES (1855948169343520769, 'a6ff52ef-753b-4e4b-9f55-a404537c2aa8', 1, 2, 1845364359214202881, 1, 1, NULL, 0, NULL, NULL, '2024-11-11 20:18:20', '2024-11-11 20:18:20');
INSERT INTO `t_pay_order` VALUES (1855948183394439170, '2f91174e-4be4-40f5-9c78-955e32faffb6', 1, 2, 1845364359214202881, 1, 1, NULL, 0, NULL, NULL, '2024-11-11 20:18:23', '2024-11-11 20:18:23');
INSERT INTO `t_pay_order` VALUES (1855948186959597570, '5f36e60e-21ee-4faf-be26-0fa9da7ed2ac', 1, 2, 1845364359214202881, 1, 1, NULL, 0, NULL, NULL, '2024-11-11 20:18:24', '2024-11-11 20:18:24');
INSERT INTO `t_pay_order` VALUES (1858418165621506049, '1858418165617311745', 1, 2, 1823353984983810050, NULL, NULL, NULL, 30, '直播间充值', 1858418165617311746, '2024-11-18 15:53:13', '2024-11-18 15:53:13');
INSERT INTO `t_pay_order` VALUES (1858418173301276674, '1858418173292888066', 1, 2, 1823353984983810050, NULL, NULL, NULL, 30, '直播间充值', 1858418173292888067, '2024-11-18 15:53:15', '2024-11-18 15:53:15');

-- ----------------------------
-- Table structure for t_pay_product
-- ----------------------------
DROP TABLE IF EXISTS `t_pay_product`;
CREATE TABLE `t_pay_product`  (
  `id` int UNSIGNED NOT NULL AUTO_INCREMENT COMMENT '主键id',
  `name` varchar(60) CHARACTER SET utf8mb4 COLLATE utf8mb4_0900_ai_ci NULL DEFAULT NULL COMMENT '产品名称',
  `price` int NULL DEFAULT 0 COMMENT '产品价格（单位分）',
  `extra` varchar(500) CHARACTER SET utf8mb4 COLLATE utf8mb4_0900_ai_ci NULL DEFAULT NULL COMMENT '扩展字段',
  `type` tinyint NULL DEFAULT 0 COMMENT '类型（0九十直播间产品）',
  `valid_status` tinyint NULL DEFAULT 0 COMMENT '状态（0无效，1有效）',
  `create_time` datetime NULL DEFAULT CURRENT_TIMESTAMP COMMENT '创建时间',
  `update_time` datetime NULL DEFAULT CURRENT_TIMESTAMP ON UPDATE CURRENT_TIMESTAMP COMMENT '更新时间',
  PRIMARY KEY (`id`) USING BTREE
) ENGINE = InnoDB AUTO_INCREMENT = 6 CHARACTER SET = utf8mb4 COLLATE = utf8mb4_0900_ai_ci COMMENT = '付费产品表' ROW_FORMAT = Dynamic;

-- ----------------------------
-- Records of t_pay_product
-- ----------------------------
INSERT INTO `t_pay_product` VALUES (1, '300直播币', 30, '{\"coin\":300}', 0, 1, '2024-10-21 17:21:03', '2024-10-21 17:24:10');

-- ----------------------------
-- Table structure for t_sms
-- ----------------------------
DROP TABLE IF EXISTS `t_sms`;
CREATE TABLE `t_sms`  (
  `id` bigint UNSIGNED NOT NULL AUTO_INCREMENT COMMENT '主键id',
  `code` int UNSIGNED NULL DEFAULT 0 COMMENT '验证码',
  `phone` varchar(200) CHARACTER SET utf8mb4 COLLATE utf8mb4_0900_ai_ci NULL DEFAULT '' COMMENT '手机号',
  `send_time` datetime NULL DEFAULT CURRENT_TIMESTAMP COMMENT '发送时间',
  `update_time` datetime NULL DEFAULT CURRENT_TIMESTAMP ON UPDATE CURRENT_TIMESTAMP COMMENT '更新时间',
  PRIMARY KEY (`id`) USING BTREE,
  INDEX `code`(`code` ASC) USING BTREE
) ENGINE = InnoDB AUTO_INCREMENT = 1864941446650523650 CHARACTER SET = utf8mb4 COLLATE = utf8mb4_0900_ai_ci COMMENT = '短信发送记录' ROW_FORMAT = DYNAMIC;

-- ----------------------------
-- Records of t_sms
-- ----------------------------
INSERT INTO `t_sms` VALUES (1, 2657, 'Ls2U7TsyxrD3RbfCrWgwnw==', '2024-09-24 17:19:07', '2024-09-24 17:19:07');
INSERT INTO `t_sms` VALUES (2, 7830, 'Ls2U7TsyxrD3RbfCrWgwnw==', '2024-09-24 17:35:42', '2024-09-24 17:35:42');
INSERT INTO `t_sms` VALUES (3, 3585, 'Ls2U7TsyxrD3RbfCrWgwnw==', '2024-09-30 18:20:19', '2024-09-30 18:20:19');
INSERT INTO `t_sms` VALUES (4, 9414, 'Ls2U7TsyxrD3RbfCrWgwnw==', '2024-10-02 23:16:27', '2024-10-02 23:16:27');
INSERT INTO `t_sms` VALUES (5, 9761, 'Ls2U7TsyxrD3RbfCrWgwnw==', '2024-10-02 23:17:42', '2024-10-02 23:17:42');
INSERT INTO `t_sms` VALUES (6, 4107, 'Ls2U7TsyxrD3RbfCrWgwnw==', '2024-10-02 23:38:37', '2024-10-02 23:38:37');
INSERT INTO `t_sms` VALUES (7, 1033, 'Ls2U7TsyxrD3RbfCrWgwnw==', '2024-10-09 19:41:13', '2024-10-09 19:41:13');
INSERT INTO `t_sms` VALUES (8, 3979, 'Ls2U7TsyxrD3RbfCrWgwnw==', '2024-10-10 10:18:34', '2024-10-10 10:18:34');
INSERT INTO `t_sms` VALUES (9, 6365, 'Ls2U7TsyxrD3RbfCrWgwnw==', '2024-10-10 11:25:31', '2024-10-10 11:25:31');
INSERT INTO `t_sms` VALUES (10, 9204, 'Ls2U7TsyxrD3RbfCrWgwnw==', '2024-10-10 11:26:30', '2024-10-10 11:26:30');
INSERT INTO `t_sms` VALUES (11, 3839, 'Ls2U7TsyxrD3RbfCrWgwnw==', '2024-10-10 11:36:09', '2024-10-10 11:36:09');
INSERT INTO `t_sms` VALUES (12, 8417, 'Ls2U7TsyxrD3RbfCrWgwnw==', '2024-10-10 11:37:41', '2024-10-10 11:37:41');
INSERT INTO `t_sms` VALUES (13, 9055, 'Ls2U7TsyxrD3RbfCrWgwnw==', '2024-10-10 11:38:46', '2024-10-10 11:38:46');
INSERT INTO `t_sms` VALUES (14, 8048, 'Ls2U7TsyxrD3RbfCrWgwnw==', '2024-10-10 11:39:53', '2024-10-10 11:39:53');
INSERT INTO `t_sms` VALUES (15, 4992, 'Ls2U7TsyxrD3RbfCrWgwnw==', '2024-10-10 11:45:03', '2024-10-10 11:45:03');
INSERT INTO `t_sms` VALUES (16, 6583, 'Ls2U7TsyxrD3RbfCrWgwnw==', '2024-10-10 11:46:50', '2024-10-10 11:46:50');
INSERT INTO `t_sms` VALUES (17, 6541, 'Ls2U7TsyxrD3RbfCrWgwnw==', '2024-10-10 12:15:08', '2024-10-10 12:15:08');
INSERT INTO `t_sms` VALUES (18, 2781, 'Ls2U7TsyxrD3RbfCrWgwnw==', '2024-10-10 12:16:49', '2024-10-10 12:16:49');
INSERT INTO `t_sms` VALUES (19, 7861, 'Ls2U7TsyxrD3RbfCrWgwnw==', '2024-10-10 22:01:58', '2024-10-10 22:01:58');
INSERT INTO `t_sms` VALUES (20, 7400, 'Ls2U7TsyxrD3RbfCrWgwnw==', '2024-10-10 22:03:27', '2024-10-10 22:03:27');
INSERT INTO `t_sms` VALUES (21, 2800, 'Ls2U7TsyxrD3RbfCrWgwnw==', '2024-10-10 22:07:13', '2024-10-10 22:07:13');
INSERT INTO `t_sms` VALUES (22, 8607, 'Ls2U7TsyxrD3RbfCrWgwnw==', '2024-10-11 11:08:55', '2024-10-11 11:08:55');
INSERT INTO `t_sms` VALUES (23, 5824, 'Hzmwi7H6bqobm/vg8hTzJw==', '2024-10-13 15:21:44', '2024-10-13 15:21:44');
INSERT INTO `t_sms` VALUES (24, 6235, 'Hzmwi7H6bqobm/vg8hTzJw==', '2024-10-13 15:25:03', '2024-10-13 15:25:03');
INSERT INTO `t_sms` VALUES (25, 3861, 'Hzmwi7H6bqobm/vg8hTzJw==', '2024-10-13 15:26:05', '2024-10-13 15:26:05');
INSERT INTO `t_sms` VALUES (26, 1770, 'Hzmwi7H6bqomWCeSD8rQCA==', '2024-10-13 16:04:54', '2024-10-13 16:04:54');
INSERT INTO `t_sms` VALUES (27, 7503, 'Hzmwi7H6bqovWkn/XPydXA==', '2024-10-13 16:07:55', '2024-10-13 16:07:55');
INSERT INTO `t_sms` VALUES (28, 2625, 'Hzmwi7H6bqotMLM64pkNNQ==', '2024-10-13 16:10:45', '2024-10-13 16:10:45');
INSERT INTO `t_sms` VALUES (29, 9192, 'Hzmwi7H6bqqv64qOciACTg==', '2024-10-13 16:15:06', '2024-10-13 16:15:06');
INSERT INTO `t_sms` VALUES (30, 2639, 'Hzmwi7H6bqobm/vg8hTzJw==', '2024-10-14 09:52:56', '2024-10-14 09:52:56');
INSERT INTO `t_sms` VALUES (31, 8242, 'Hzmwi7H6bqqv64qOciACTg==', '2024-10-14 09:56:37', '2024-10-14 09:56:37');
INSERT INTO `t_sms` VALUES (1853050015421829121, 1558, 'Ls2U7TsyxrD3RbfCrWgwnw==', '2024-11-03 20:22:06', '2024-11-03 20:22:06');
INSERT INTO `t_sms` VALUES (1853051112895025154, 1676, 'Ls2U7TsyxrD3RbfCrWgwnw==', '2024-11-03 20:26:27', '2024-11-03 20:26:27');
INSERT INTO `t_sms` VALUES (1853061151508672514, 5574, 'Ls2U7TsyxrD3RbfCrWgwnw==', '2024-11-03 21:06:21', '2024-11-03 21:06:21');
INSERT INTO `t_sms` VALUES (1853061407092781057, 4677, 'Ls2U7TsyxrD3RbfCrWgwnw==', '2024-11-03 21:07:21', '2024-11-03 21:07:21');
INSERT INTO `t_sms` VALUES (1853062300466950146, 2037, 'Hzmwi7H6bqobm/vg8hTzJw==', '2024-11-03 21:10:54', '2024-11-03 21:10:54');
INSERT INTO `t_sms` VALUES (1853676385961336833, 1830, 'Hzmwi7H6bqobm/vg8hTzJw==', '2024-11-05 13:51:05', '2024-11-05 13:51:05');
INSERT INTO `t_sms` VALUES (1853677635574521857, 3269, 'Hzmwi7H6bqobm/vg8hTzJw==', '2024-11-05 13:56:02', '2024-11-05 13:56:02');
INSERT INTO `t_sms` VALUES (1854090601667039234, 3480, 'Ls2U7TsyxrD3RbfCrWgwnw==', '2024-11-06 17:17:02', '2024-11-06 17:17:02');
INSERT INTO `t_sms` VALUES (1854090854839422977, 2386, 'Hzmwi7H6bqobm/vg8hTzJw==', '2024-11-06 17:18:02', '2024-11-06 17:18:02');
INSERT INTO `t_sms` VALUES (1855873360152621057, 7732, 'Ls2U7TsyxrD3RbfCrWgwnw==', '2024-11-11 15:21:05', '2024-11-11 15:21:05');
INSERT INTO `t_sms` VALUES (1855882745369194497, 6830, 'Ls2U7TsyxrD3RbfCrWgwnw==', '2024-11-11 15:58:22', '2024-11-11 15:58:22');
INSERT INTO `t_sms` VALUES (1855898128796925954, 7096, 'Ls2U7TsyxrD3RbfCrWgwnw==', '2024-11-11 16:59:30', '2024-11-11 16:59:30');
INSERT INTO `t_sms` VALUES (1855899914035314690, 7992, 'Ls2U7TsyxrD3RbfCrWgwnw==', '2024-11-11 17:06:35', '2024-11-11 17:06:35');
INSERT INTO `t_sms` VALUES (1855900317472833537, 8421, 'Ls2U7TsyxrD3RbfCrWgwnw==', '2024-11-11 17:08:11', '2024-11-11 17:08:11');
INSERT INTO `t_sms` VALUES (1855901366971580417, 9341, 'Ls2U7TsyxrD3RbfCrWgwnw==', '2024-11-11 17:12:21', '2024-11-11 17:12:21');
INSERT INTO `t_sms` VALUES (1855947259183648769, 7877, 'Ls2U7TsyxrD3RbfCrWgwnw==', '2024-11-11 20:14:44', '2024-11-11 20:14:44');
INSERT INTO `t_sms` VALUES (1855947612453097473, 8420, 'Hzmwi7H6bqobm/vg8hTzJw==', '2024-11-11 20:16:07', '2024-11-11 20:16:07');
INSERT INTO `t_sms` VALUES (1857016381971685377, 5229, 'Ls2U7TsyxrD3RbfCrWgwnw==', '2024-11-14 19:03:02', '2024-11-14 19:03:02');
INSERT INTO `t_sms` VALUES (1857017228025716737, 7183, 'Hzmwi7H6bqobm/vg8hTzJw==', '2024-11-14 19:06:23', '2024-11-14 19:06:23');
INSERT INTO `t_sms` VALUES (1857017965870899201, 9630, 'Hzmwi7H6bqobm/vg8hTzJw==', '2024-11-14 19:09:19', '2024-11-14 19:09:19');
INSERT INTO `t_sms` VALUES (1857018440716443650, 2815, 'Ls2U7TsyxrD3RbfCrWgwnw==', '2024-11-14 19:11:12', '2024-11-14 19:11:12');
INSERT INTO `t_sms` VALUES (1857027349090983938, 4027, 'Ls2U7TsyxrD3RbfCrWgwnw==', '2024-11-14 19:46:36', '2024-11-14 19:46:36');
INSERT INTO `t_sms` VALUES (1859806202406395906, 3039, 'Ls2U7TsyxrD3RbfCrWgwnw==', '2024-11-22 11:48:47', '2024-11-22 11:48:47');
INSERT INTO `t_sms` VALUES (1859975656285171713, 2099, 'Ls2U7TsyxrD3RbfCrWgwnw==', '2024-11-22 23:02:08', '2024-11-22 23:02:08');
INSERT INTO `t_sms` VALUES (1859976061597544449, 9222, 'Hzmwi7H6bqobm/vg8hTzJw==', '2024-11-22 23:03:44', '2024-11-22 23:03:44');
INSERT INTO `t_sms` VALUES (1859976310047141890, 1134, 'Ls2U7TsyxrD3RbfCrWgwnw==', '2024-11-22 23:04:43', '2024-11-22 23:04:43');
INSERT INTO `t_sms` VALUES (1859977760080928769, 7564, 'Ls2U7TsyxrD3RbfCrWgwnw==', '2024-11-22 23:10:30', '2024-11-22 23:10:30');
INSERT INTO `t_sms` VALUES (1859979358123360257, 1240, 'Ls2U7TsyxrD3RbfCrWgwnw==', '2024-11-22 23:16:50', '2024-11-22 23:16:50');
INSERT INTO `t_sms` VALUES (1860323810103349250, 8707, 'Ls2U7TsyxrD3RbfCrWgwnw==', '2024-11-23 22:05:36', '2024-11-23 22:05:36');
INSERT INTO `t_sms` VALUES (1860325987437858818, 3106, 'Hzmwi7H6bqobm/vg8hTzJw==', '2024-11-23 22:14:13', '2024-11-23 22:14:13');
INSERT INTO `t_sms` VALUES (1860326836817973249, 3296, 'Hzmwi7H6bqobm/vg8hTzJw==', '2024-11-23 22:17:36', '2024-11-23 22:17:36');
INSERT INTO `t_sms` VALUES (1860379897847455746, 6855, 'Ls2U7TsyxrD3RbfCrWgwnw==', '2024-11-24 01:48:28', '2024-11-24 01:48:28');
INSERT INTO `t_sms` VALUES (1860380140664102913, 9309, 'Hzmwi7H6bqobm/vg8hTzJw==', '2024-11-24 01:49:25', '2024-11-24 01:49:25');
INSERT INTO `t_sms` VALUES (1860696600627240962, 4879, 'Ls2U7TsyxrD3RbfCrWgwnw==', '2024-11-24 22:46:56', '2024-11-24 22:46:56');
INSERT INTO `t_sms` VALUES (1860696978253012993, 8180, 'Ls2U7TsyxrD3RbfCrWgwnw==', '2024-11-24 22:48:25', '2024-11-24 22:48:25');
INSERT INTO `t_sms` VALUES (1860697161711869953, 7549, 'Hzmwi7H6bqobm/vg8hTzJw==', '2024-11-24 22:49:09', '2024-11-24 22:49:09');
INSERT INTO `t_sms` VALUES (1861043984527892481, 8377, 'Hzmwi7H6bqobm/vg8hTzJw==', '2024-11-25 21:47:20', '2024-11-25 21:47:20');
INSERT INTO `t_sms` VALUES (1864941446650523649, 4015, 'Ls2U7TsyxrD3RbfCrWgwnw==', '2024-12-06 15:54:25', '2024-12-06 15:54:25');

-- ----------------------------
-- Table structure for t_user_00
-- ----------------------------
DROP TABLE IF EXISTS `t_user_00`;
CREATE TABLE `t_user_00`  (
  `user_id` bigint NOT NULL DEFAULT -1 COMMENT '用户id',
  `nick_name` varchar(35) CHARACTER SET utf8mb4 COLLATE utf8mb4_0900_ai_ci NULL DEFAULT NULL COMMENT '昵称',
  `avatar` varchar(512) CHARACTER SET utf8mb4 COLLATE utf8mb4_0900_ai_ci NULL DEFAULT NULL COMMENT '头像',
  `true_name` varchar(20) CHARACTER SET utf8mb4 COLLATE utf8mb4_0900_ai_ci NULL DEFAULT NULL COMMENT '真实姓名',
  `sex` tinyint(1) NULL DEFAULT NULL COMMENT '性别 0男，1女',
  `born_date` datetime NULL DEFAULT NULL COMMENT '出生时间',
  `work_city` int NULL DEFAULT NULL COMMENT '工作地',
  `born_city` int NULL DEFAULT NULL COMMENT '出生地',
  `create_time` datetime NULL DEFAULT CURRENT_TIMESTAMP,
  `update_time` datetime NULL DEFAULT CURRENT_TIMESTAMP ON UPDATE CURRENT_TIMESTAMP,
  PRIMARY KEY (`user_id`) USING BTREE
) ENGINE = InnoDB CHARACTER SET = utf8mb4 COLLATE = utf8mb4_0900_ai_ci ROW_FORMAT = DYNAMIC;

-- ----------------------------
-- Records of t_user_00
-- ----------------------------
INSERT INTO `t_user_00` VALUES (1823353984983810050, '测试2121212', 'https://img2.baidu.com/it/u=3566795249,1013590605&fm=253&fmt=auto?w=800&h=800', 'String', 0, NULL, 0, 0, '2024-08-13 21:40:41', '2024-09-24 17:35:12');
INSERT INTO `t_user_00` VALUES (1831976083000393730, '九十用户-1831976083000393730', '34567', NULL, NULL, NULL, NULL, NULL, '2024-09-06 16:41:53', '2024-10-15 15:27:49');

-- ----------------------------
-- Table structure for t_user_01
-- ----------------------------
DROP TABLE IF EXISTS `t_user_01`;
CREATE TABLE `t_user_01`  (
  `user_id` bigint NOT NULL DEFAULT -1 COMMENT '用户id',
  `nick_name` varchar(35) CHARACTER SET utf8mb4 COLLATE utf8mb4_0900_ai_ci NULL DEFAULT NULL COMMENT '昵称',
  `avatar` varchar(512) CHARACTER SET utf8mb4 COLLATE utf8mb4_0900_ai_ci NULL DEFAULT NULL COMMENT '头像',
  `true_name` varchar(20) CHARACTER SET utf8mb4 COLLATE utf8mb4_0900_ai_ci NULL DEFAULT NULL COMMENT '真实姓名',
  `sex` tinyint(1) NULL DEFAULT NULL COMMENT '性别 0男，1女',
  `born_date` datetime NULL DEFAULT NULL COMMENT '出生时间',
  `work_city` int NULL DEFAULT NULL COMMENT '工作地',
  `born_city` int NULL DEFAULT NULL COMMENT '出生地',
  `create_time` datetime NULL DEFAULT CURRENT_TIMESTAMP,
  `update_time` datetime NULL DEFAULT CURRENT_TIMESTAMP ON UPDATE CURRENT_TIMESTAMP,
  PRIMARY KEY (`user_id`) USING BTREE
) ENGINE = InnoDB CHARACTER SET = utf8mb4 COLLATE = utf8mb4_0900_ai_ci ROW_FORMAT = DYNAMIC;

-- ----------------------------
-- Records of t_user_01
-- ----------------------------
INSERT INTO `t_user_01` VALUES (1, NULL, NULL, NULL, NULL, NULL, NULL, NULL, '2024-09-06 11:45:46', '2024-09-06 11:45:46');
INSERT INTO `t_user_01` VALUES (1831976083000393731, '九十用户-1831976083000393731', 'https://pic.rmb.bdstatic.com/bjh/news/308d2ee9da2ad3fb9fef70626d2c6329.jpeg', NULL, NULL, NULL, NULL, NULL, '2024-09-06 16:41:53', '2024-11-11 15:49:56');
INSERT INTO `t_user_01` VALUES (1845364359214202881, '九十用户-1845364359214202881', 'https://img2.baidu.com/it/u=3271383426,1095075168&fm=253&fmt=auto&app=120&f=JPEG?w=500&h=500', NULL, NULL, NULL, NULL, NULL, '2024-10-13 15:22:04', '2024-11-11 15:48:59');
INSERT INTO `t_user_01` VALUES (1845375961934131201, '九十用户-1845375961934131201', 'https://gimg2.baidu.com/image_search/src=http%3A%2F%2Fc-ssl.duitang.com%2Fuploads%2Fblog%2F202104%2F17%2F20210417204514_1f148.thumb.1000_0.jpg&refer=http%3A%2F%2Fc-ssl.duitang.com&app=2002&size=f9999,10000&q=a80&n=0&g=0n&fmt=auto?sec=1733903381&t=382b63431e3ac73e96b7c371eaffecd8', NULL, NULL, NULL, NULL, NULL, '2024-10-13 16:08:10', '2024-11-11 15:51:18');

-- ----------------------------
-- Table structure for t_user_02
-- ----------------------------
DROP TABLE IF EXISTS `t_user_02`;
CREATE TABLE `t_user_02`  (
  `user_id` bigint NOT NULL DEFAULT -1 COMMENT '用户id',
  `nick_name` varchar(35) CHARACTER SET utf8mb4 COLLATE utf8mb4_0900_ai_ci NULL DEFAULT NULL COMMENT '昵称',
  `avatar` varchar(512) CHARACTER SET utf8mb4 COLLATE utf8mb4_0900_ai_ci NULL DEFAULT NULL COMMENT '头像',
  `true_name` varchar(20) CHARACTER SET utf8mb4 COLLATE utf8mb4_0900_ai_ci NULL DEFAULT NULL COMMENT '真实姓名',
  `sex` tinyint(1) NULL DEFAULT NULL COMMENT '性别 0男，1女',
  `born_date` datetime NULL DEFAULT NULL COMMENT '出生时间',
  `work_city` int NULL DEFAULT NULL COMMENT '工作地',
  `born_city` int NULL DEFAULT NULL COMMENT '出生地',
  `create_time` datetime NULL DEFAULT CURRENT_TIMESTAMP,
  `update_time` datetime NULL DEFAULT CURRENT_TIMESTAMP ON UPDATE CURRENT_TIMESTAMP,
  PRIMARY KEY (`user_id`) USING BTREE
) ENGINE = InnoDB CHARACTER SET = utf8mb4 COLLATE = utf8mb4_0900_ai_ci ROW_FORMAT = DYNAMIC;

-- ----------------------------
-- Records of t_user_02
-- ----------------------------
INSERT INTO `t_user_02` VALUES (1831976067993174017, '九十用户-1831976067993174017', NULL, NULL, NULL, NULL, NULL, NULL, '2024-09-06 16:41:53', '2024-09-06 16:41:53');
INSERT INTO `t_user_02` VALUES (1833143596851200002, '九十用户-1833143596851200002', NULL, NULL, NULL, NULL, NULL, NULL, '2024-09-09 22:01:06', '2024-09-09 22:01:06');

-- ----------------------------
-- Table structure for t_user_03
-- ----------------------------
DROP TABLE IF EXISTS `t_user_03`;
CREATE TABLE `t_user_03`  (
  `user_id` bigint NOT NULL DEFAULT -1 COMMENT '用户id',
  `nick_name` varchar(35) CHARACTER SET utf8mb4 COLLATE utf8mb4_0900_ai_ci NULL DEFAULT NULL COMMENT '昵称',
  `avatar` varchar(512) CHARACTER SET utf8mb4 COLLATE utf8mb4_0900_ai_ci NULL DEFAULT NULL COMMENT '头像',
  `true_name` varchar(20) CHARACTER SET utf8mb4 COLLATE utf8mb4_0900_ai_ci NULL DEFAULT NULL COMMENT '真实姓名',
  `sex` tinyint(1) NULL DEFAULT NULL COMMENT '性别 0男，1女',
  `born_date` datetime NULL DEFAULT NULL COMMENT '出生时间',
  `work_city` int NULL DEFAULT NULL COMMENT '工作地',
  `born_city` int NULL DEFAULT NULL COMMENT '出生地',
  `create_time` datetime NULL DEFAULT CURRENT_TIMESTAMP,
  `update_time` datetime NULL DEFAULT CURRENT_TIMESTAMP ON UPDATE CURRENT_TIMESTAMP,
  PRIMARY KEY (`user_id`) USING BTREE
) ENGINE = InnoDB CHARACTER SET = utf8mb4 COLLATE = utf8mb4_0900_ai_ci ROW_FORMAT = DYNAMIC;

-- ----------------------------
-- Records of t_user_03
-- ----------------------------
INSERT INTO `t_user_03` VALUES (1833143300791570433, '九十用户-1833143300791570433', NULL, NULL, NULL, NULL, NULL, NULL, '2024-09-09 21:59:55', '2024-09-09 21:59:55');
INSERT INTO `t_user_03` VALUES (1833143579289649153, '九十用户-1833143579289649153', NULL, NULL, NULL, NULL, NULL, NULL, '2024-09-09 22:01:02', '2024-09-09 22:01:02');
INSERT INTO `t_user_03` VALUES (1845375189167173633, '九十用户-1845375189167173633', NULL, NULL, NULL, NULL, NULL, NULL, '2024-10-13 16:05:06', '2024-10-13 16:05:06');
INSERT INTO `t_user_03` VALUES (1845376663423086593, '九十用户-1845376663423086593', NULL, NULL, NULL, NULL, NULL, NULL, '2024-10-13 16:10:57', '2024-10-13 16:10:57');
INSERT INTO `t_user_03` VALUES (1845377795868389378, '九十用户-1845377795868389378', NULL, NULL, NULL, NULL, NULL, NULL, '2024-10-13 16:15:27', '2024-10-13 16:15:27');

-- ----------------------------
-- Table structure for t_user_04
-- ----------------------------
DROP TABLE IF EXISTS `t_user_04`;
CREATE TABLE `t_user_04`  (
  `user_id` bigint NOT NULL DEFAULT -1 COMMENT '用户id',
  `nick_name` varchar(35) CHARACTER SET utf8mb4 COLLATE utf8mb4_0900_ai_ci NULL DEFAULT NULL COMMENT '昵称',
  `avatar` varchar(512) CHARACTER SET utf8mb4 COLLATE utf8mb4_0900_ai_ci NULL DEFAULT NULL COMMENT '头像',
  `true_name` varchar(20) CHARACTER SET utf8mb4 COLLATE utf8mb4_0900_ai_ci NULL DEFAULT NULL COMMENT '真实姓名',
  `sex` tinyint(1) NULL DEFAULT NULL COMMENT '性别 0男，1女',
  `born_date` datetime NULL DEFAULT NULL COMMENT '出生时间',
  `work_city` int NULL DEFAULT NULL COMMENT '工作地',
  `born_city` int NULL DEFAULT NULL COMMENT '出生地',
  `create_time` datetime NULL DEFAULT CURRENT_TIMESTAMP,
  `update_time` datetime NULL DEFAULT CURRENT_TIMESTAMP ON UPDATE CURRENT_TIMESTAMP,
  PRIMARY KEY (`user_id`) USING BTREE
) ENGINE = InnoDB CHARACTER SET = utf8mb4 COLLATE = utf8mb4_0900_ai_ci ROW_FORMAT = DYNAMIC;

-- ----------------------------
-- Records of t_user_04
-- ----------------------------
INSERT INTO `t_user_04` VALUES (1833143300791570434, '九十用户-1833143300791570434', NULL, NULL, NULL, NULL, NULL, NULL, '2024-09-09 21:59:55', '2024-09-09 21:59:55');
INSERT INTO `t_user_04` VALUES (1833143561111048194, '九十用户-1833143561111048194', NULL, NULL, NULL, NULL, NULL, NULL, '2024-09-09 22:00:57', '2024-09-09 22:00:57');

-- ----------------------------
-- Table structure for t_user_phone_00
-- ----------------------------
DROP TABLE IF EXISTS `t_user_phone_00`;
CREATE TABLE `t_user_phone_00`  (
  `id` bigint UNSIGNED NOT NULL AUTO_INCREMENT COMMENT '主键id',
  `phone` varchar(200) CHARACTER SET utf8 COLLATE utf8_bin NOT NULL DEFAULT '' COMMENT '手机号',
  `user_id` bigint NULL DEFAULT -1 COMMENT '用户id',
  `status` tinyint NULL DEFAULT -1 COMMENT '状态(0无效，1有效)',
  `create_time` datetime NULL DEFAULT CURRENT_TIMESTAMP COMMENT '创建时间',
  `update_time` datetime NULL DEFAULT CURRENT_TIMESTAMP ON UPDATE CURRENT_TIMESTAMP COMMENT '更新时间',
  PRIMARY KEY (`id`) USING BTREE,
  UNIQUE INDEX `udx_phone`(`phone` ASC) USING BTREE,
  INDEX `idx_user_id`(`user_id` ASC) USING BTREE
) ENGINE = InnoDB AUTO_INCREMENT = 3 CHARACTER SET = utf8mb4 COLLATE = utf8mb4_0900_ai_ci ROW_FORMAT = DYNAMIC;

-- ----------------------------
-- Records of t_user_phone_00
-- ----------------------------
INSERT INTO `t_user_phone_00` VALUES (1, 'Ls2U7TsyxrD3RbfCrWgwnw==', 1823353984983810050, 1, '2024-08-13 21:40:41', '2024-08-13 21:40:41');
INSERT INTO `t_user_phone_00` VALUES (2, 'Ls2U7TsyxrCp2Np9yxuViw==', 1831976083000393730, 1, '2024-09-06 16:41:53', '2024-09-06 16:41:53');

-- ----------------------------
-- Table structure for t_user_phone_01
-- ----------------------------
DROP TABLE IF EXISTS `t_user_phone_01`;
CREATE TABLE `t_user_phone_01`  (
  `id` bigint UNSIGNED NOT NULL AUTO_INCREMENT COMMENT '主键id',
  `phone` varchar(200) CHARACTER SET utf8 COLLATE utf8_bin NOT NULL DEFAULT '' COMMENT '手机号',
  `user_id` bigint NULL DEFAULT -1 COMMENT '用户id',
  `status` tinyint NULL DEFAULT -1 COMMENT '状态(0无效，1有效)',
  `create_time` datetime NULL DEFAULT CURRENT_TIMESTAMP COMMENT '创建时间',
  `update_time` datetime NULL DEFAULT CURRENT_TIMESTAMP ON UPDATE CURRENT_TIMESTAMP COMMENT '更新时间',
  PRIMARY KEY (`id`) USING BTREE,
  UNIQUE INDEX `udx_phone`(`phone` ASC) USING BTREE,
  INDEX `idx_user_id`(`user_id` ASC) USING BTREE
) ENGINE = InnoDB AUTO_INCREMENT = 6 CHARACTER SET = utf8mb4 COLLATE = utf8mb4_0900_ai_ci ROW_FORMAT = DYNAMIC;

-- ----------------------------
-- Records of t_user_phone_01
-- ----------------------------
INSERT INTO `t_user_phone_01` VALUES (3, 'Ls2U7TsyxrCp2Np9yxuViw==', 1831976083000393731, 1, '2024-09-06 16:41:53', '2024-09-06 16:41:53');
INSERT INTO `t_user_phone_01` VALUES (4, 'Hzmwi7H6bqobm/vg8hTzJw==', 1845364359214202881, 1, '2024-10-13 15:22:04', '2024-10-13 15:22:04');
INSERT INTO `t_user_phone_01` VALUES (5, 'Hzmwi7H6bqovWkn/XPydXA==', 1845375961934131201, 1, '2024-10-13 16:08:10', '2024-10-13 16:08:10');

-- ----------------------------
-- Table structure for t_user_phone_02
-- ----------------------------
DROP TABLE IF EXISTS `t_user_phone_02`;
CREATE TABLE `t_user_phone_02`  (
  `id` bigint UNSIGNED NOT NULL AUTO_INCREMENT COMMENT '主键id',
  `phone` varchar(200) CHARACTER SET utf8 COLLATE utf8_bin NOT NULL DEFAULT '' COMMENT '手机号',
  `user_id` bigint NULL DEFAULT -1 COMMENT '用户id',
  `status` tinyint NULL DEFAULT -1 COMMENT '状态(0无效，1有效)',
  `create_time` datetime NULL DEFAULT CURRENT_TIMESTAMP COMMENT '创建时间',
  `update_time` datetime NULL DEFAULT CURRENT_TIMESTAMP ON UPDATE CURRENT_TIMESTAMP COMMENT '更新时间',
  PRIMARY KEY (`id`) USING BTREE,
  UNIQUE INDEX `udx_phone`(`phone` ASC) USING BTREE,
  INDEX `idx_user_id`(`user_id` ASC) USING BTREE
) ENGINE = InnoDB AUTO_INCREMENT = 4 CHARACTER SET = utf8mb4 COLLATE = utf8mb4_0900_ai_ci ROW_FORMAT = DYNAMIC;

-- ----------------------------
-- Records of t_user_phone_02
-- ----------------------------
INSERT INTO `t_user_phone_02` VALUES (2, 'Ls2U7TsyxrCp2Np9yxuViw==', 1831976067993174017, 1, '2024-09-06 16:41:53', '2024-09-06 16:41:53');
INSERT INTO `t_user_phone_02` VALUES (3, 'Ls2U7TsyxrDTUQBJ+/6OVQ==', 1833143596851200002, 1, '2024-09-09 22:01:06', '2024-09-09 22:01:06');

-- ----------------------------
-- Table structure for t_user_phone_03
-- ----------------------------
DROP TABLE IF EXISTS `t_user_phone_03`;
CREATE TABLE `t_user_phone_03`  (
  `id` bigint UNSIGNED NOT NULL AUTO_INCREMENT COMMENT '主键id',
  `phone` varchar(200) CHARACTER SET utf8 COLLATE utf8_bin NOT NULL DEFAULT '' COMMENT '手机号',
  `user_id` bigint NULL DEFAULT -1 COMMENT '用户id',
  `status` tinyint NULL DEFAULT -1 COMMENT '状态(0无效，1有效)',
  `create_time` datetime NULL DEFAULT CURRENT_TIMESTAMP COMMENT '创建时间',
  `update_time` datetime NULL DEFAULT CURRENT_TIMESTAMP ON UPDATE CURRENT_TIMESTAMP COMMENT '更新时间',
  PRIMARY KEY (`id`) USING BTREE,
  UNIQUE INDEX `udx_phone`(`phone` ASC) USING BTREE,
  INDEX `idx_user_id`(`user_id` ASC) USING BTREE
) ENGINE = InnoDB AUTO_INCREMENT = 7 CHARACTER SET = utf8mb4 COLLATE = utf8mb4_0900_ai_ci ROW_FORMAT = DYNAMIC;

-- ----------------------------
-- Records of t_user_phone_03
-- ----------------------------
INSERT INTO `t_user_phone_03` VALUES (2, 'Ls2U7TsyxrDjs2d8LJUOsg==', 1833143300791570433, 1, '2024-09-09 21:59:56', '2024-09-09 21:59:56');
INSERT INTO `t_user_phone_03` VALUES (3, 'Ls2U7TsyxrAuGgd5aEzIaA==', 1833143579289649153, 1, '2024-09-09 22:01:02', '2024-09-09 22:01:02');
INSERT INTO `t_user_phone_03` VALUES (4, 'Hzmwi7H6bqomWCeSD8rQCA==', 1845375189167173633, 1, '2024-10-13 16:05:06', '2024-10-13 16:05:06');
INSERT INTO `t_user_phone_03` VALUES (5, 'Hzmwi7H6bqotMLM64pkNNQ==', 1845376663423086593, 1, '2024-10-13 16:10:57', '2024-10-13 16:10:57');
INSERT INTO `t_user_phone_03` VALUES (6, 'Hzmwi7H6bqqv64qOciACTg==', 1845377795868389378, 1, '2024-10-13 16:15:27', '2024-10-13 16:15:27');

-- ----------------------------
-- Table structure for t_user_phone_04
-- ----------------------------
DROP TABLE IF EXISTS `t_user_phone_04`;
CREATE TABLE `t_user_phone_04`  (
  `id` bigint UNSIGNED NOT NULL AUTO_INCREMENT COMMENT '主键id',
  `phone` varchar(200) CHARACTER SET utf8 COLLATE utf8_bin NOT NULL DEFAULT '' COMMENT '手机号',
  `user_id` bigint NULL DEFAULT -1 COMMENT '用户id',
  `status` tinyint NULL DEFAULT -1 COMMENT '状态(0无效，1有效)',
  `create_time` datetime NULL DEFAULT CURRENT_TIMESTAMP COMMENT '创建时间',
  `update_time` datetime NULL DEFAULT CURRENT_TIMESTAMP ON UPDATE CURRENT_TIMESTAMP COMMENT '更新时间',
  PRIMARY KEY (`id`) USING BTREE,
  UNIQUE INDEX `udx_phone`(`phone` ASC) USING BTREE,
  INDEX `idx_user_id`(`user_id` ASC) USING BTREE
) ENGINE = InnoDB AUTO_INCREMENT = 3 CHARACTER SET = utf8mb4 COLLATE = utf8mb4_0900_ai_ci ROW_FORMAT = DYNAMIC;

-- ----------------------------
-- Records of t_user_phone_04
-- ----------------------------
INSERT INTO `t_user_phone_04` VALUES (1, 'Ls2U7TsyxrDjs2d8LJUOsg==', 1833143300791570434, 1, '2024-09-09 21:59:56', '2024-09-09 21:59:56');
INSERT INTO `t_user_phone_04` VALUES (2, 'Ls2U7TsyxrCdWxhGiienNA==', 1833143561111048194, 1, '2024-09-09 22:00:57', '2024-09-09 22:00:57');

-- ----------------------------
-- Procedure structure for create_t_user_5
-- ----------------------------
DROP PROCEDURE IF EXISTS `create_t_user_5`;
delimiter ;;
CREATE PROCEDURE `create_t_user_5`()
BEGIN

         DECLARE i INT;
         DECLARE table_name VARCHAR(30);
         DECLARE table_pre VARCHAR(30);
         DECLARE sql_text VARCHAR(3000);
         DECLARE table_body VARCHAR(2000);
         SET i=0;
         SET table_name='';

         SET sql_text='';
         SET table_body = '(
  user_id bigint NOT NULL DEFAULT -1 COMMENT \'用户id\',
  nick_name varchar(35)  DEFAULT NULL COMMENT \'昵称\',
  avatar varchar(255)  DEFAULT NULL COMMENT \'头像\',
  true_name varchar(20)  DEFAULT NULL COMMENT \'真实姓名\',
  sex tinyint(1) DEFAULT NULL COMMENT \'性别 0男，1女\',
  born_date datetime DEFAULT NULL COMMENT \'出生时间\',
  work_city int(9) DEFAULT NULL COMMENT \'工作地\',
  born_city int(9) DEFAULT NULL COMMENT \'出生地\',
  create_time datetime DEFAULT CURRENT_TIMESTAMP,
  update_time datetime DEFAULT CURRENT_TIMESTAMP ON UPDATE CURRENT_TIMESTAMP,
  PRIMARY KEY (user_id)
) ENGINE=InnoDB AUTO_INCREMENT=1 DEFAULT CHARSET=utf8mb4 COLLATE=utf8mb4_0900_ai_ci;';

            WHILE i<5 DO
                IF i<5 THEN
                    SET table_name = CONCAT('t_user_0',i);
                ELSE
                    SET table_name = CONCAT('t_user_',i);
                END IF;

                SET sql_text=CONCAT('CREATE TABLE ',table_name, table_body);
            SELECT sql_text;
            SET @sql_text=sql_text;
            PREPARE stmt FROM @sql_text;
            EXECUTE stmt;
            DEALLOCATE PREPARE stmt;
            SET i=i+1;
        END WHILE;


    END
;;
delimiter ;

-- ----------------------------
-- Procedure structure for create_t_user_phone_5
-- ----------------------------
DROP PROCEDURE IF EXISTS `create_t_user_phone_5`;
delimiter ;;
CREATE PROCEDURE `create_t_user_phone_5`()
BEGIN

         DECLARE i INT;
         DECLARE table_name VARCHAR(30);
         DECLARE table_pre VARCHAR(30);
         DECLARE sql_text VARCHAR(3000);
         DECLARE table_body VARCHAR(2000);
         SET i=0;
         SET table_name='';

         SET sql_text='';
         SET table_body = ' (
  id bigint unsigned NOT NULL AUTO_INCREMENT COMMENT \'主键id\',
  phone varchar(200) CHARACTER SET utf8mb3 COLLATE utf8mb3_bin NOT NULL DEFAULT \'\' COMMENT \'手机号\',
  user_id bigint DEFAULT -1 COMMENT \'用户id\',
  status tinyint DEFAULT -1 COMMENT \'状态(0无效，1有效)\',
  create_time datetime DEFAULT CURRENT_TIMESTAMP COMMENT \'创建时间\',
  update_time datetime DEFAULT CURRENT_TIMESTAMP ON UPDATE CURRENT_TIMESTAMP COMMENT \'更新时间\',
  PRIMARY KEY (id),
  UNIQUE KEY `udx_phone` (`phone`),
  KEY idx_user_id (user_id)
) ENGINE=InnoDB DEFAULT CHARSET=utf8mb4 COLLATE=utf8mb4_0900_ai_ci;';

            WHILE i<5 DO
                IF i<10 THEN
                    SET table_name = CONCAT('t_user_phone_0',i);
                ELSE
                    SET table_name = CONCAT('t_user_phone_',i);
                END IF;

                SET sql_text=CONCAT('CREATE TABLE ',table_name, table_body);
            SELECT sql_text;
            SET @sql_text=sql_text;
            PREPARE stmt FROM @sql_text;
            EXECUTE stmt;
            DEALLOCATE PREPARE stmt;
            SET i=i+1;
        END WHILE;


    END
;;
delimiter ;

-- ----------------------------
-- Procedure structure for create_t_user_tag_5
-- ----------------------------
DROP PROCEDURE IF EXISTS `create_t_user_tag_5`;
delimiter ;;
CREATE PROCEDURE `create_t_user_tag_5`()
BEGIN

         DECLARE i INT;
         DECLARE table_name VARCHAR(100);
         DECLARE sql_text VARCHAR(3000);
         DECLARE table_body VARCHAR(2000);
         SET i=0;
         SET sql_text='';
         SET table_body='(
   user_id bigint NOT NULL DEFAULT -1 COMMENT \'用户id\',
   tag_info_01 bigint NOT NULL DEFAULT 0 COMMENT \'标签记录字段\',
   tag_info_02 bigint NOT NULL DEFAULT 0 COMMENT \'标签记录字段\',
   tag_info_03 bigint NOT NULL DEFAULT 0 COMMENT \'标签记录字段\',
   create_time datetime DEFAULT CURRENT_TIMESTAMP COMMENT \'创建时间\',
   update_time datetime DEFAULT CURRENT_TIMESTAMP ON UPDATE CURRENT_TIMESTAMP COMMENT \'更新时间\',
  PRIMARY KEY (user_id)
) ENGINE=InnoDB DEFAULT CHARSET=utf8mb4 COLLATE=utf8mb4_0900_ai_ci COMMENT=\'用户标签记录\';';


            WHILE i<5 DO
                IF i<10 THEN
                    SET table_name = CONCAT('t_user_tag_0',i);
                ELSE
                    SET table_name = CONCAT('t_user_tag_',i);
                END IF;

                SET sql_text=CONCAT('CREATE TABLE ',table_name, table_body);
            SELECT sql_text;
            SET @sql_text=sql_text;
            PREPARE stmt FROM @sql_text;
            EXECUTE stmt;
            DEALLOCATE PREPARE stmt;
            SET i=i+1;
        END WHILE;

    END
;;
delimiter ;

SET FOREIGN_KEY_CHECKS = 1;
